2021-04-16 18:25:41,60-EE-5C-D0-71-66,192.168.1.104,58-A0-23-DF-88-E7,14.116.137.22,209
2021-04-16 18:25:43,60-EE-5C-D0-71-66,192.168.1.104,58-A0-23-DF-88-E7,8.8.8.8,73
2021-04-16 18:25:43,60-EE-5C-D0-71-66,192.168.1.104,58-A0-23-DF-88-E7,8.8.4.4,73
2021-04-16 18:25:43,58-A0-23-DF-88-E7,8.8.8.8,60-EE-5C-D0-71-66,192.168.1.104,121
2021-04-16 18:25:43,58-A0-23-DF-88-E7,14.116.137.22,60-EE-5C-D0-71-66,192.168.1.104,377
2021-04-16 18:25:43,60-EE-5C-D0-71-66,192.168.1.104,58-A0-23-DF-88-E7,14.116.137.22,97
2021-04-16 18:25:44,58-A0-23-DF-88-E7,8.8.4.4,60-EE-5C-D0-71-66,192.168.1.104,121
2021-04-16 18:25:44,58-A0-23-DF-88-E7,192.168.1.105,60-EE-5C-D0-71-66,224.0.0.251,130
2021-04-16 18:25:46,58-A0-23-DF-88-E7,14.116.137.22,60-EE-5C-D0-71-66,192.168.1.104,129
2021-04-16 18:25:46,60-EE-5C-D0-71-66,192.168.1.104,58-A0-23-DF-88-E7,14.116.137.22,209
2021-04-16 18:25:48,58-A0-23-DF-88-E7,14.116.137.22,60-EE-5C-D0-71-66,192.168.1.104,129
2021-04-16 18:25:49,60-EE-5C-D0-71-66,192.168.1.104,58-A0-23-DF-88-E7,8.8.8.8,72
2021-04-16 18:25:49,60-EE-5C-D0-71-66,192.168.1.104,58-A0-23-DF-88-E7,8.8.4.4,72
2021-04-16 18:25:49,58-A0-23-DF-88-E7,8.8.8.8,60-EE-5C-D0-71-66,192.168.1.104,239
2021-04-16 18:25:49,60-EE-5C-D0-71-66,192.168.1.104,58-A0-23-DF-88-E7,8.8.8.8,73
2021-04-16 18:25:49,58-A0-23-DF-88-E7,8.8.8.8,60-EE-5C-D0-71-66,192.168.1.104,158
2021-04-16 18:25:49,60-EE-5C-D0-71-66,192.168.1.104,58-A0-23-DF-88-E7,8.8.8.8,73
2021-04-16 18:25:49,60-EE-5C-D0-71-66,192.168.1.104,58-A0-23-DF-88-E7,8.8.4.4,73
2021-04-16 18:25:49,58-A0-23-DF-88-E7,8.8.8.8,60-EE-5C-D0-71-66,192.168.1.104,121
2021-04-16 18:25:49,58-A0-23-DF-88-E7,8.8.4.4,60-EE-5C-D0-71-66,192.168.1.104,121
2021-04-16 18:25:50,58-A0-23-DF-88-E7,14.116.137.22,60-EE-5C-D0-71-66,192.168.1.104,129
2021-04-16 18:25:52,58-A0-23-DF-88-E7,14.116.137.22,60-EE-5C-D0-71-66,192.168.1.104,417
2021-04-16 18:25:52,60-EE-5C-D0-71-66,192.168.1.104,58-A0-23-DF-88-E7,14.116.137.22,97
2021-04-16 18:25:53,60-EE-5C-D0-71-66,192.168.1.104,58-A0-23-DF-88-E7,8.8.8.8,86
2021-04-16 18:25:53,60-EE-5C-D0-71-66,192.168.1.104,58-A0-23-DF-88-E7,8.8.4.4,86
2021-04-16 18:25:53,58-A0-23-DF-88-E7,8.8.8.8,60-EE-5C-D0-71-66,192.168.1.104,102
2021-04-16 18:25:53,58-A0-23-DF-88-E7,8.8.4.4,60-EE-5C-D0-71-66,192.168.1.104,102
2021-04-16 18:25:53,60-EE-5C-D0-71-66,192.168.1.104,58-A0-23-DF-88-E7,8.8.8.8,73
2021-04-16 18:25:53,60-EE-5C-D0-71-66,192.168.1.104,58-A0-23-DF-88-E7,8.8.4.4,73
2021-04-16 18:25:53,58-A0-23-DF-88-E7,8.8.8.8,60-EE-5C-D0-71-66,192.168.1.104,121
2021-04-16 18:25:53,58-A0-23-DF-88-E7,8.8.4.4,60-EE-5C-D0-71-66,192.168.1.104,121
2021-04-16 18:25:54,60-EE-5C-D0-71-66,192.168.1.104,58-A0-23-DF-88-E7,14.116.137.22,209
2021-04-16 18:25:54,FF-FF-FF-FF-FF-FF,192.168.1.100,58-A0-23-A5-CD-96,192.168.1.255,82
2021-04-16 18:25:54,58-A0-23-DF-88-E7,14.116.137.22,60-EE-5C-D0-71-66,192.168.1.104,409
2021-04-16 18:25:54,60-EE-5C-D0-71-66,192.168.1.104,58-A0-23-DF-88-E7,14.116.137.22,97
2021-04-16 18:25:55,58-A0-23-DF-88-E7,14.116.137.22,60-EE-5C-D0-71-66,192.168.1.104,129
2021-04-16 18:25:55,58-A0-23-DF-88-E7,14.116.137.22,60-EE-5C-D0-71-66,192.168.1.104,129
2021-04-16 18:25:56,58-A0-23-DF-88-E7,14.116.137.22,60-EE-5C-D0-71-66,192.168.1.104,129
2021-04-16 18:25:57,60-EE-5C-D0-71-66,192.168.1.104,58-A0-23-DF-88-E7,14.116.137.22,209
2021-04-16 18:25:57,60-EE-5C-D0-71-66,192.168.1.104,58-A0-23-DF-88-E7,58.60.10.45,86
2021-04-16 18:25:58,58-A0-23-DF-88-E7,14.116.137.22,60-EE-5C-D0-71-66,192.168.1.104,769
2021-04-16 18:25:58,58-A0-23-DF-88-E7,14.116.137.22,60-EE-5C-D0-71-66,192.168.1.104,129
2021-04-16 18:25:58,60-EE-5C-D0-71-66,192.168.1.104,58-A0-23-DF-88-E7,14.116.137.22,97
2021-04-16 18:25:59,58-A0-23-DF-88-E7,14.116.137.22,60-EE-5C-D0-71-66,192.168.1.104,425
2021-04-16 18:25:59,60-EE-5C-D0-71-66,192.168.1.104,58-A0-23-DF-88-E7,14.116.137.22,97
2021-04-16 18:25:59,60-EE-5C-D0-71-66,192.168.1.104,58-A0-23-DF-88-E7,8.8.8.8,88
2021-04-16 18:25:59,58-A0-23-DF-88-E7,8.8.8.8,60-EE-5C-D0-71-66,192.168.1.104,343
2021-04-16 18:26:00,58-A0-23-DF-88-E7,14.116.137.22,60-EE-5C-D0-71-66,192.168.1.104,409
2021-04-16 18:26:00,60-EE-5C-D0-71-66,192.168.1.104,58-A0-23-DF-88-E7,14.116.137.22,97
2021-04-16 18:26:00,60-EE-5C-D0-71-66,192.168.1.104,58-A0-23-DF-88-E7,14.116.137.22,89
2021-04-16 18:26:00,58-A0-23-DF-88-E7,14.116.137.22,60-EE-5C-D0-71-66,192.168.1.104,873
2021-04-16 18:26:00,60-EE-5C-D0-71-66,192.168.1.104,58-A0-23-DF-88-E7,14.116.137.22,89
2021-04-16 18:26:00,58-A0-23-DF-88-E7,14.116.137.22,60-EE-5C-D0-71-66,192.168.1.104,97
2021-04-16 18:26:01,60-EE-5C-D0-71-66,192.168.1.104,58-A0-23-DF-88-E7,14.116.137.22,89
2021-04-16 18:26:01,58-A0-23-DF-88-E7,14.116.137.22,60-EE-5C-D0-71-66,192.168.1.104,689
2021-04-16 18:26:01,60-EE-5C-D0-71-66,192.168.1.104,58-A0-23-DF-88-E7,14.116.137.22,89
2021-04-16 18:26:01,58-A0-23-DF-88-E7,14.116.137.22,60-EE-5C-D0-71-66,192.168.1.104,97
2021-04-16 18:26:01,60-EE-5C-D0-71-66,192.168.1.104,58-A0-23-DF-88-E7,14.116.137.22,89
2021-04-16 18:26:01,58-A0-23-DF-88-E7,14.116.137.22,60-EE-5C-D0-71-66,192.168.1.104,689
2021-04-16 18:26:01,60-EE-5C-D0-71-66,192.168.1.104,58-A0-23-DF-88-E7,14.116.137.22,89
2021-04-16 18:26:01,58-A0-23-DF-88-E7,14.116.137.22,60-EE-5C-D0-71-66,192.168.1.104,97
2021-04-16 18:26:02,58-A0-23-DF-88-E7,14.116.137.22,60-EE-5C-D0-71-66,192.168.1.104,129
2021-04-16 18:26:02,60-EE-5C-D0-71-66,192.168.1.104,58-A0-23-DF-88-E7,14.116.137.22,209
2021-04-16 18:26:02,60-EE-5C-D0-71-66,192.168.1.104,58-A0-23-DF-88-E7,14.116.137.22,89
2021-04-16 18:26:02,58-A0-23-DF-88-E7,14.116.137.22,60-EE-5C-D0-71-66,192.168.1.104,689
2021-04-16 18:26:02,60-EE-5C-D0-71-66,192.168.1.104,58-A0-23-DF-88-E7,14.116.137.22,89
2021-04-16 18:26:02,58-A0-23-DF-88-E7,14.116.137.22,60-EE-5C-D0-71-66,192.168.1.104,97
2021-04-16 18:26:02,60-EE-5C-D0-71-66,192.168.1.104,58-A0-23-DF-88-E7,14.116.137.22,89
2021-04-16 18:26:02,58-A0-23-DF-88-E7,14.116.137.22,60-EE-5C-D0-71-66,192.168.1.104,689
2021-04-16 18:26:02,60-EE-5C-D0-71-66,192.168.1.104,58-A0-23-DF-88-E7,14.116.137.22,89
2021-04-16 18:26:02,58-A0-23-DF-88-E7,14.116.137.22,60-EE-5C-D0-71-66,192.168.1.104,97
2021-04-16 18:26:03,60-EE-5C-D0-71-66,192.168.1.104,58-A0-23-DF-88-E7,14.116.137.22,89
2021-04-16 18:26:03,58-A0-23-DF-88-E7,14.116.137.22,60-EE-5C-D0-71-66,192.168.1.104,641
2021-04-16 18:26:03,60-EE-5C-D0-71-66,192.168.1.104,58-A0-23-DF-88-E7,14.116.137.22,89
2021-04-16 18:26:03,58-A0-23-DF-88-E7,14.116.137.22,60-EE-5C-D0-71-66,192.168.1.104,97
2021-04-16 18:26:03,01-00-5E-7F-FF-FA,192.168.1.104,58-A0-23-DF-88-E7,239.255.255.250,215
2021-04-16 18:26:04,60-EE-5C-D0-71-66,192.168.1.104,58-A0-23-DF-88-E7,8.8.8.8,73
2021-04-16 18:26:04,58-A0-23-DF-88-E7,8.8.8.8,60-EE-5C-D0-71-66,192.168.1.104,121
2021-04-16 18:26:04,60-EE-5C-D0-71-66,192.168.1.104,58-A0-23-DF-88-E7,8.8.8.8,72
2021-04-16 18:26:04,58-A0-23-DF-88-E7,14.116.137.22,60-EE-5C-D0-71-66,192.168.1.104,129
2021-04-16 18:26:04,60-EE-5C-D0-71-66,192.168.1.104,58-A0-23-DF-88-E7,8.8.4.4,72
2021-04-16 18:26:04,58-A0-23-DF-88-E7,8.8.8.8,60-EE-5C-D0-71-66,192.168.1.104,239
2021-04-16 18:26:04,60-EE-5C-D0-71-66,192.168.1.104,58-A0-23-DF-88-E7,8.8.8.8,73
2021-04-16 18:26:04,58-A0-23-DF-88-E7,8.8.8.8,60-EE-5C-D0-71-66,192.168.1.104,158
2021-04-16 18:26:04,60-EE-5C-D0-71-66,192.168.1.104,58-A0-23-DF-88-E7,8.8.8.8,73
2021-04-16 18:26:04,58-A0-23-DF-88-E7,8.8.4.4,60-EE-5C-D0-71-66,192.168.1.104,239
2021-04-16 18:26:04,58-A0-23-DF-88-E7,8.8.8.8,60-EE-5C-D0-71-66,192.168.1.104,121
2021-04-16 18:26:04,01-00-5E-7F-FF-FA,192.168.1.104,58-A0-23-DF-88-E7,239.255.255.250,215
2021-04-16 18:26:05,58-A0-23-DF-88-E7,14.116.137.22,60-EE-5C-D0-71-66,192.168.1.104,849
2021-04-16 18:26:05,60-EE-5C-D0-71-66,192.168.1.104,58-A0-23-DF-88-E7,14.116.137.22,97
2021-04-16 18:26:05,58-A0-23-DF-88-E7,14.116.137.22,60-EE-5C-D0-71-66,192.168.1.104,129
2021-04-16 18:26:05,01-00-5E-7F-FF-FA,192.168.1.104,58-A0-23-DF-88-E7,239.255.255.250,215
2021-04-16 18:26:06,01-00-5E-7F-FF-FA,192.168.1.104,58-A0-23-DF-88-E7,239.255.255.250,215
2021-04-16 18:26:09,60-EE-5C-D0-71-66,192.168.1.104,58-A0-23-DF-88-E7,14.116.137.22,209
2021-04-16 18:26:10,58-A0-23-DF-88-E7,14.116.137.22,60-EE-5C-D0-71-66,192.168.1.104,129
2021-04-16 18:26:10,58-A0-23-DF-88-E7,14.116.137.22,60-EE-5C-D0-71-66,192.168.1.104,761
2021-04-16 18:26:10,60-EE-5C-D0-71-66,192.168.1.104,58-A0-23-DF-88-E7,14.116.137.22,97
2021-04-16 18:26:11,58-A0-23-DF-88-E7,14.116.137.22,60-EE-5C-D0-71-66,192.168.1.104,353
2021-04-16 18:26:11,60-EE-5C-D0-71-66,192.168.1.104,58-A0-23-DF-88-E7,14.116.137.22,97
2021-04-16 18:26:11,58-A0-23-DF-88-E7,14.116.137.22,60-EE-5C-D0-71-66,192.168.1.104,129
2021-04-16 18:26:12,60-EE-5C-D0-71-66,192.168.1.104,58-A0-23-DF-88-E7,14.116.137.22,209
2021-04-16 18:26:13,58-A0-23-DF-88-E7,14.116.137.22,60-EE-5C-D0-71-66,192.168.1.104,129
2021-04-16 18:26:13,58-A0-23-DF-88-E7,14.116.137.22,60-EE-5C-D0-71-66,192.168.1.104,625
2021-04-16 18:26:13,60-EE-5C-D0-71-66,192.168.1.104,58-A0-23-DF-88-E7,14.116.137.22,97
2021-04-16 18:26:13,60-EE-5C-D0-71-66,192.168.1.104,58-A0-23-DF-88-E7,14.116.137.22,81
2021-04-16 18:26:13,58-A0-23-DF-88-E7,14.116.137.22,60-EE-5C-D0-71-66,192.168.1.104,129
2021-04-16 18:26:13,58-A0-23-DF-88-E7,14.116.137.22,60-EE-5C-D0-71-66,192.168.1.104,625
2021-04-16 18:26:13,60-EE-5C-D0-71-66,192.168.1.104,58-A0-23-DF-88-E7,14.116.137.22,97
2021-04-16 18:26:14,58-A0-23-DF-88-E7,14.116.137.22,60-EE-5C-D0-71-66,192.168.1.104,129
2021-04-16 18:26:14,58-A0-23-DF-88-E7,14.116.137.22,60-EE-5C-D0-71-66,192.168.1.104,129
2021-04-16 18:26:15,58-A0-23-DF-88-E7,14.116.137.22,60-EE-5C-D0-71-66,192.168.1.104,625
2021-04-16 18:26:15,60-EE-5C-D0-71-66,192.168.1.104,58-A0-23-DF-88-E7,14.116.137.22,97
2021-04-16 18:26:15,58-A0-23-DF-88-E7,14.116.137.22,60-EE-5C-D0-71-66,192.168.1.104,401
2021-04-16 18:26:15,60-EE-5C-D0-71-66,192.168.1.104,58-A0-23-DF-88-E7,14.116.137.22,97
2021-04-16 18:26:16,60-EE-5C-D0-71-66,192.168.1.104,58-A0-23-DF-88-E7,14.116.137.22,89
2021-04-16 18:26:16,58-A0-23-DF-88-E7,14.116.137.22,60-EE-5C-D0-71-66,192.168.1.104,337
2021-04-16 18:26:16,58-A0-23-DF-88-E7,14.116.137.22,60-EE-5C-D0-71-66,192.168.1.104,73
2021-04-16 18:26:16,60-EE-5C-D0-71-66,192.168.1.104,58-A0-23-DF-88-E7,14.116.137.22,97
2021-04-16 18:26:16,60-EE-5C-D0-71-66,192.168.1.104,58-A0-23-DF-88-E7,14.116.137.22,89
2021-04-16 18:26:16,58-A0-23-DF-88-E7,14.116.137.22,60-EE-5C-D0-71-66,192.168.1.104,873
2021-04-16 18:26:16,60-EE-5C-D0-71-66,192.168.1.104,58-A0-23-DF-88-E7,14.116.137.22,89
2021-04-16 18:26:16,60-EE-5C-D0-71-66,192.168.1.104,58-A0-23-DF-88-E7,14.116.137.22,81
2021-04-16 18:26:16,58-A0-23-DF-88-E7,14.116.137.22,60-EE-5C-D0-71-66,192.168.1.104,97
2021-04-16 18:26:16,60-EE-5C-D0-71-66,192.168.1.104,58-A0-23-DF-88-E7,14.116.137.22,89
2021-04-16 18:26:17,58-A0-23-DF-88-E7,14.116.137.22,60-EE-5C-D0-71-66,192.168.1.104,689
2021-04-16 18:26:17,60-EE-5C-D0-71-66,192.168.1.104,58-A0-23-DF-88-E7,14.116.137.22,89
2021-04-16 18:26:17,60-EE-5C-D0-71-66,192.168.1.104,58-A0-23-DF-88-E7,14.116.137.22,209
2021-04-16 18:26:17,58-A0-23-DF-88-E7,14.116.137.22,60-EE-5C-D0-71-66,192.168.1.104,97
2021-04-16 18:26:17,58-A0-23-DF-88-E7,14.116.137.22,60-EE-5C-D0-71-66,192.168.1.104,137
2021-04-16 18:26:17,58-A0-23-DF-88-E7,14.116.137.22,60-EE-5C-D0-71-66,192.168.1.104,129
2021-04-16 18:26:17,60-EE-5C-D0-71-66,192.168.1.104,58-A0-23-DF-88-E7,14.116.137.22,89
2021-04-16 18:26:17,58-A0-23-DF-88-E7,14.116.137.22,60-EE-5C-D0-71-66,192.168.1.104,689
2021-04-16 18:26:17,60-EE-5C-D0-71-66,192.168.1.104,58-A0-23-DF-88-E7,14.116.137.22,89
2021-04-16 18:26:18,58-A0-23-DF-88-E7,14.116.137.22,60-EE-5C-D0-71-66,192.168.1.104,97
2021-04-16 18:26:18,60-EE-5C-D0-71-66,192.168.1.104,58-A0-23-DF-88-E7,8.8.8.8,73
2021-04-16 18:26:18,60-EE-5C-D0-71-66,192.168.1.104,58-A0-23-DF-88-E7,14.116.137.22,89
2021-04-16 18:26:18,60-EE-5C-D0-71-66,192.168.1.104,58-A0-23-DF-88-E7,8.8.4.4,73
2021-04-16 18:26:18,58-A0-23-DF-88-E7,8.8.8.8,60-EE-5C-D0-71-66,192.168.1.104,121
2021-04-16 18:26:18,58-A0-23-DF-88-E7,14.116.137.22,60-EE-5C-D0-71-66,192.168.1.104,689
2021-04-16 18:26:18,60-EE-5C-D0-71-66,192.168.1.104,58-A0-23-DF-88-E7,8.8.8.8,72
2021-04-16 18:26:18,60-EE-5C-D0-71-66,192.168.1.104,58-A0-23-DF-88-E7,14.116.137.22,81
2021-04-16 18:26:18,60-EE-5C-D0-71-66,192.168.1.104,58-A0-23-DF-88-E7,14.116.137.22,89
2021-04-16 18:26:18,58-A0-23-DF-88-E7,14.116.137.22,60-EE-5C-D0-71-66,192.168.1.104,97
2021-04-16 18:26:18,58-A0-23-DF-88-E7,14.116.137.22,60-EE-5C-D0-71-66,192.168.1.104,89
2021-04-16 18:26:18,58-A0-23-DF-88-E7,8.8.4.4,60-EE-5C-D0-71-66,192.168.1.104,121
2021-04-16 18:26:18,58-A0-23-DF-88-E7,8.8.8.8,60-EE-5C-D0-71-66,192.168.1.104,239
2021-04-16 18:26:18,60-EE-5C-D0-71-66,192.168.1.104,58-A0-23-DF-88-E7,8.8.8.8,73
2021-04-16 18:26:18,60-EE-5C-D0-71-66,192.168.1.104,58-A0-23-DF-88-E7,8.8.4.4,73
2021-04-16 18:26:18,58-A0-23-DF-88-E7,8.8.8.8,60-EE-5C-D0-71-66,192.168.1.104,142
2021-04-16 18:26:18,60-EE-5C-D0-71-66,192.168.1.104,58-A0-23-DF-88-E7,8.8.8.8,73
2021-04-16 18:26:18,58-A0-23-DF-88-E7,8.8.4.4,60-EE-5C-D0-71-66,192.168.1.104,158
2021-04-16 18:26:18,58-A0-23-DF-88-E7,8.8.8.8,60-EE-5C-D0-71-66,192.168.1.104,121
2021-04-16 18:26:19,60-EE-5C-D0-71-66,192.168.1.104,58-A0-23-DF-88-E7,14.116.137.22,89
2021-04-16 18:26:19,60-EE-5C-D0-71-66,192.168.1.104,58-A0-23-DF-88-E7,14.116.137.22,81
2021-04-16 18:26:19,58-A0-23-DF-88-E7,14.116.137.22,60-EE-5C-D0-71-66,192.168.1.104,689
2021-04-16 18:26:19,58-A0-23-DF-88-E7,14.116.137.22,60-EE-5C-D0-71-66,192.168.1.104,89
2021-04-16 18:26:19,60-EE-5C-D0-71-66,192.168.1.104,58-A0-23-DF-88-E7,14.116.137.22,89
2021-04-16 18:26:19,58-A0-23-DF-88-E7,14.116.137.22,60-EE-5C-D0-71-66,192.168.1.104,97
2021-04-16 18:26:19,60-EE-5C-D0-71-66,192.168.1.104,58-A0-23-DF-88-E7,14.116.137.22,89
2021-04-16 18:26:19,58-A0-23-DF-88-E7,14.116.137.22,60-EE-5C-D0-71-66,192.168.1.104,689
2021-04-16 18:26:19,60-EE-5C-D0-71-66,192.168.1.104,58-A0-23-DF-88-E7,14.116.137.22,89
2021-04-16 18:26:19,58-A0-23-DF-88-E7,14.116.137.22,60-EE-5C-D0-71-66,192.168.1.104,97
2021-04-16 18:26:20,60-EE-5C-D0-71-66,192.168.1.104,58-A0-23-DF-88-E7,14.116.137.22,89
2021-04-16 18:26:20,58-A0-23-DF-88-E7,192.168.1.105,76-7F-26-66-63-5F,224.0.0.251,130
2021-04-16 18:26:20,58-A0-23-DF-88-E7,14.116.137.22,60-EE-5C-D0-71-66,192.168.1.104,689
2021-04-16 18:26:20,60-EE-5C-D0-71-66,192.168.1.104,58-A0-23-DF-88-E7,14.116.137.22,89
2021-04-16 18:26:20,58-A0-23-DF-88-E7,14.116.137.22,60-EE-5C-D0-71-66,192.168.1.104,97
2021-04-16 18:26:20,60-EE-5C-D0-71-66,192.168.1.104,58-A0-23-DF-88-E7,14.116.137.22,89
2021-04-16 18:26:21,58-A0-23-DF-88-E7,14.116.137.22,60-EE-5C-D0-71-66,192.168.1.104,689
2021-04-16 18:26:21,60-EE-5C-D0-71-66,192.168.1.104,58-A0-23-DF-88-E7,14.116.137.22,89
2021-04-16 18:26:21,58-A0-23-DF-88-E7,14.116.137.22,60-EE-5C-D0-71-66,192.168.1.104,97
2021-04-16 18:26:21,58-A0-23-DF-88-E7,192.168.1.105,76-7F-26-66-63-5F,224.0.0.251,130
2021-04-16 18:26:21,60-EE-5C-D0-71-66,192.168.1.104,58-A0-23-DF-88-E7,14.116.137.22,89
2021-04-16 18:26:21,60-EE-5C-D0-71-66,192.168.1.104,58-A0-23-DF-88-E7,8.8.8.8,94
2021-04-16 18:26:21,58-A0-23-DF-88-E7,14.116.137.22,60-EE-5C-D0-71-66,192.168.1.104,377
2021-04-16 18:26:21,60-EE-5C-D0-71-66,192.168.1.104,58-A0-23-DF-88-E7,14.116.137.22,97
2021-04-16 18:26:21,60-EE-5C-D0-71-66,192.168.1.104,58-A0-23-DF-88-E7,14.116.137.22,89
2021-04-16 18:26:21,FF-FF-FF-FF-FF-FF,192.168.1.108,48-89-E7-E9-4D-B4,192.168.1.255,92
2021-04-16 18:26:21,60-EE-5C-D0-71-66,192.168.1.104,58-A0-23-DF-88-E7,8.8.4.4,94
2021-04-16 18:26:22,58-A0-23-DF-88-E7,14.116.137.22,60-EE-5C-D0-71-66,192.168.1.104,689
2021-04-16 18:26:22,58-A0-23-DF-88-E7,8.8.8.8,60-EE-5C-D0-71-66,192.168.1.104,200
2021-04-16 18:26:22,58-A0-23-DF-88-E7,14.116.137.22,60-EE-5C-D0-71-66,192.168.1.104,873
2021-04-16 18:26:22,58-A0-23-DF-88-E7,8.8.4.4,60-EE-5C-D0-71-66,192.168.1.104,200
2021-04-16 18:26:22,60-EE-5C-D0-71-66,192.168.1.104,58-A0-23-DF-88-E7,14.116.137.22,89
2021-04-16 18:26:22,58-A0-23-DF-88-E7,192.168.1.1,60-EE-5C-D0-71-66,239.255.255.250,309
2021-04-16 18:26:22,58-A0-23-DF-88-E7,192.168.1.1,60-EE-5C-D0-71-66,239.255.255.250,321
2021-04-16 18:26:22,58-A0-23-DF-88-E7,192.168.1.1,60-EE-5C-D0-71-66,239.255.255.250,381
2021-04-16 18:26:22,58-A0-23-DF-88-E7,192.168.1.1,60-EE-5C-D0-71-66,239.255.255.250,297
2021-04-16 18:26:22,58-A0-23-DF-88-E7,14.116.137.22,60-EE-5C-D0-71-66,192.168.1.104,97
2021-04-16 18:26:22,60-EE-5C-D0-71-66,192.168.1.104,58-A0-23-DF-88-E7,14.116.137.22,89
2021-04-16 18:26:22,60-EE-5C-D0-71-66,192.168.1.104,58-A0-23-DF-88-E7,14.116.137.22,89
2021-04-16 18:26:22,60-EE-5C-D0-71-66,192.168.1.104,58-A0-23-DF-88-E7,14.116.137.22,89
2021-04-16 18:26:23,58-A0-23-DF-88-E7,14.116.137.22,60-EE-5C-D0-71-66,192.168.1.104,97
2021-04-16 18:26:23,58-A0-23-DF-88-E7,14.116.137.22,60-EE-5C-D0-71-66,192.168.1.104,689
2021-04-16 18:26:23,58-A0-23-DF-88-E7,14.116.137.22,60-EE-5C-D0-71-66,192.168.1.104,689
2021-04-16 18:26:23,60-EE-5C-D0-71-66,192.168.1.104,58-A0-23-DF-88-E7,14.116.137.22,89
2021-04-16 18:26:23,60-EE-5C-D0-71-66,192.168.1.104,58-A0-23-DF-88-E7,14.116.137.22,81
2021-04-16 18:26:23,FF-FF-FF-FF-FF-FF,192.168.1.108,48-89-E7-E9-4D-B4,192.168.1.255,92
2021-04-16 18:26:23,58-A0-23-DF-88-E7,14.116.137.22,60-EE-5C-D0-71-66,192.168.1.104,97
2021-04-16 18:26:23,58-A0-23-DF-88-E7,14.116.137.22,60-EE-5C-D0-71-66,192.168.1.104,89
2021-04-16 18:26:23,60-EE-5C-D0-71-66,192.168.1.104,58-A0-23-DF-88-E7,14.116.137.22,89
2021-04-16 18:26:23,58-A0-23-DF-88-E7,14.116.137.22,60-EE-5C-D0-71-66,192.168.1.104,97
2021-04-16 18:26:23,58-A0-23-DF-88-E7,14.116.137.22,60-EE-5C-D0-71-66,192.168.1.104,129
2021-04-16 18:26:23,60-EE-5C-D0-71-66,192.168.1.104,58-A0-23-DF-88-E7,14.116.137.22,89
2021-04-16 18:26:23,60-EE-5C-D0-71-66,192.168.1.104,58-A0-23-DF-88-E7,14.116.137.22,89
2021-04-16 18:26:23,58-A0-23-DF-88-E7,14.116.137.22,60-EE-5C-D0-71-66,192.168.1.104,689
2021-04-16 18:26:23,58-A0-23-DF-88-E7,14.116.137.22,60-EE-5C-D0-71-66,192.168.1.104,689
2021-04-16 18:26:23,60-EE-5C-D0-71-66,192.168.1.104,58-A0-23-DF-88-E7,14.116.137.22,89
2021-04-16 18:26:23,58-A0-23-DF-88-E7,14.116.137.22,60-EE-5C-D0-71-66,192.168.1.104,97
2021-04-16 18:26:23,60-EE-5C-D0-71-66,192.168.1.104,58-A0-23-DF-88-E7,14.116.137.22,89
2021-04-16 18:26:23,58-A0-23-DF-88-E7,14.116.137.22,60-EE-5C-D0-71-66,192.168.1.104,97
2021-04-16 18:26:23,58-A0-23-DF-88-E7,14.116.137.22,60-EE-5C-D0-71-66,192.168.1.104,129
2021-04-16 18:26:24,60-EE-5C-D0-71-66,192.168.1.104,58-A0-23-DF-88-E7,14.116.137.22,89
2021-04-16 18:26:24,60-EE-5C-D0-71-66,192.168.1.104,58-A0-23-DF-88-E7,14.116.137.22,89
2021-04-16 18:26:24,58-A0-23-DF-88-E7,14.116.137.22,60-EE-5C-D0-71-66,192.168.1.104,129
2021-04-16 18:26:24,58-A0-23-DF-88-E7,14.116.137.22,60-EE-5C-D0-71-66,192.168.1.104,689
2021-04-16 18:26:24,58-A0-23-DF-88-E7,14.116.137.22,60-EE-5C-D0-71-66,192.168.1.104,689
2021-04-16 18:26:24,60-EE-5C-D0-71-66,192.168.1.104,58-A0-23-DF-88-E7,14.116.137.22,89
2021-04-16 18:26:24,58-A0-23-DF-88-E7,14.116.137.22,60-EE-5C-D0-71-66,192.168.1.104,97
2021-04-16 18:26:24,58-A0-23-DF-88-E7,14.116.137.22,60-EE-5C-D0-71-66,192.168.1.104,129
2021-04-16 18:26:24,58-A0-23-DF-88-E7,14.116.137.22,60-EE-5C-D0-71-66,192.168.1.104,129
2021-04-16 18:26:24,60-EE-5C-D0-71-66,192.168.1.104,58-A0-23-DF-88-E7,14.116.137.22,89
2021-04-16 18:26:24,60-EE-5C-D0-71-66,192.168.1.104,58-A0-23-DF-88-E7,14.116.137.22,209
2021-04-16 18:26:24,58-A0-23-DF-88-E7,14.116.137.22,60-EE-5C-D0-71-66,192.168.1.104,97
2021-04-16 18:26:24,60-EE-5C-D0-71-66,192.168.1.104,58-A0-23-DF-88-E7,14.116.137.22,89
2021-04-16 18:26:24,60-EE-5C-D0-71-66,192.168.1.104,58-A0-23-DF-88-E7,14.116.137.22,89
2021-04-16 18:26:24,58-A0-23-DF-88-E7,14.116.137.22,60-EE-5C-D0-71-66,192.168.1.104,129
2021-04-16 18:26:24,58-A0-23-DF-88-E7,14.116.137.22,60-EE-5C-D0-71-66,192.168.1.104,689
2021-04-16 18:26:24,58-A0-23-DF-88-E7,14.116.137.22,60-EE-5C-D0-71-66,192.168.1.104,689
2021-04-16 18:26:24,60-EE-5C-D0-71-66,192.168.1.104,58-A0-23-DF-88-E7,14.116.137.22,89
2021-04-16 18:26:24,58-A0-23-DF-88-E7,14.116.137.22,60-EE-5C-D0-71-66,192.168.1.104,97
2021-04-16 18:26:24,58-A0-23-DF-88-E7,14.116.137.22,60-EE-5C-D0-71-66,192.168.1.104,129
2021-04-16 18:26:24,60-EE-5C-D0-71-66,192.168.1.104,58-A0-23-DF-88-E7,14.116.137.22,89
2021-04-16 18:26:24,58-A0-23-DF-88-E7,14.116.137.22,60-EE-5C-D0-71-66,192.168.1.104,97
2021-04-16 18:26:25,FF-FF-FF-FF-FF-FF,192.168.1.108,48-89-E7-E9-4D-B4,192.168.1.255,92
2021-04-16 18:26:25,60-EE-5C-D0-71-66,192.168.1.104,58-A0-23-DF-88-E7,14.116.137.22,89
2021-04-16 18:26:25,60-EE-5C-D0-71-66,192.168.1.104,58-A0-23-DF-88-E7,14.116.137.22,89
2021-04-16 18:26:25,58-A0-23-DF-88-E7,14.116.137.22,60-EE-5C-D0-71-66,192.168.1.104,641
2021-04-16 18:26:25,58-A0-23-DF-88-E7,14.116.137.22,60-EE-5C-D0-71-66,192.168.1.104,689
2021-04-16 18:26:25,60-EE-5C-D0-71-66,192.168.1.104,58-A0-23-DF-88-E7,14.116.137.22,89
2021-04-16 18:26:25,60-EE-5C-D0-71-66,192.168.1.104,58-A0-23-DF-88-E7,14.116.137.22,81
2021-04-16 18:26:25,58-A0-23-DF-88-E7,14.116.137.22,60-EE-5C-D0-71-66,192.168.1.104,97
2021-04-16 18:26:25,58-A0-23-DF-88-E7,14.116.137.22,60-EE-5C-D0-71-66,192.168.1.104,89
2021-04-16 18:26:25,60-EE-5C-D0-71-66,192.168.1.104,58-A0-23-DF-88-E7,14.116.137.22,89
2021-04-16 18:26:25,FF-FF-FF-FF-FF-FF,192.168.1.108,48-89-E7-E9-4D-B4,192.168.1.255,92
2021-04-16 18:26:25,58-A0-23-DF-88-E7,14.116.137.22,60-EE-5C-D0-71-66,192.168.1.104,97
2021-04-16 18:26:25,60-EE-5C-D0-71-66,192.168.1.104,58-A0-23-DF-88-E7,14.116.137.22,89
2021-04-16 18:26:25,58-A0-23-DF-88-E7,14.116.137.22,60-EE-5C-D0-71-66,192.168.1.104,689
2021-04-16 18:26:25,60-EE-5C-D0-71-66,192.168.1.104,58-A0-23-DF-88-E7,14.116.137.22,89
2021-04-16 18:26:26,58-A0-23-DF-88-E7,14.116.137.22,60-EE-5C-D0-71-66,192.168.1.104,97
2021-04-16 18:26:26,60-EE-5C-D0-71-66,192.168.1.104,58-A0-23-DF-88-E7,8.8.8.8,79
2021-04-16 18:26:26,60-EE-5C-D0-71-66,192.168.1.104,58-A0-23-DF-88-E7,8.8.4.4,79
2021-04-16 18:26:26,60-EE-5C-D0-71-66,192.168.1.104,58-A0-23-DF-88-E7,14.116.137.22,89
2021-04-16 18:26:26,58-A0-23-DF-88-E7,8.8.8.8,60-EE-5C-D0-71-66,192.168.1.104,119
2021-04-16 18:26:26,58-A0-23-DF-88-E7,8.8.4.4,60-EE-5C-D0-71-66,192.168.1.104,119
2021-04-16 18:26:26,FF-FF-FF-FF-FF-FF,192.168.1.108,48-89-E7-E9-4D-B4,192.168.1.255,92
2021-04-16 18:26:26,58-A0-23-DF-88-E7,14.116.137.22,60-EE-5C-D0-71-66,192.168.1.104,689
2021-04-16 18:26:26,58-A0-23-DF-88-E7,14.116.137.22,60-EE-5C-D0-71-66,192.168.1.104,129
2021-04-16 18:26:26,60-EE-5C-D0-71-66,192.168.1.104,58-A0-23-DF-88-E7,14.116.137.22,89
2021-04-16 18:26:26,58-A0-23-DF-88-E7,14.116.137.22,60-EE-5C-D0-71-66,192.168.1.104,97
2021-04-16 18:26:27,58-A0-23-DF-88-E7,14.116.137.22,60-EE-5C-D0-71-66,192.168.1.104,129
2021-04-16 18:26:27,60-EE-5C-D0-71-66,192.168.1.104,58-A0-23-DF-88-E7,14.116.137.22,89
2021-04-16 18:26:27,60-EE-5C-D0-71-66,192.168.1.104,58-A0-23-DF-88-E7,14.116.137.22,209
2021-04-16 18:26:27,58-A0-23-DF-88-E7,14.116.137.22,60-EE-5C-D0-71-66,192.168.1.104,689
2021-04-16 18:26:27,60-EE-5C-D0-71-66,192.168.1.104,58-A0-23-DF-88-E7,14.116.137.22,89
2021-04-16 18:26:27,58-A0-23-DF-88-E7,14.116.137.22,60-EE-5C-D0-71-66,192.168.1.104,97
2021-04-16 18:26:27,58-A0-23-DF-88-E7,14.116.137.22,60-EE-5C-D0-71-66,192.168.1.104,105
2021-04-16 18:26:27,60-EE-5C-D0-71-66,192.168.1.104,58-A0-23-DF-88-E7,14.116.137.22,209
2021-04-16 18:26:28,60-EE-5C-D0-71-66,192.168.1.104,58-A0-23-DF-88-E7,14.116.137.22,89
2021-04-16 18:26:28,58-A0-23-DF-88-E7,14.116.137.22,60-EE-5C-D0-71-66,192.168.1.104,689
2021-04-16 18:26:28,60-EE-5C-D0-71-66,192.168.1.104,58-A0-23-DF-88-E7,14.116.137.22,89
2021-04-16 18:26:28,58-A0-23-DF-88-E7,14.116.137.22,60-EE-5C-D0-71-66,192.168.1.104,97
2021-04-16 18:26:28,60-EE-5C-D0-71-66,192.168.1.104,58-A0-23-DF-88-E7,8.8.8.8,78
2021-04-16 18:26:28,58-A0-23-DF-88-E7,8.8.8.8,60-EE-5C-D0-71-66,192.168.1.104,185
2021-04-16 18:26:28,60-EE-5C-D0-71-66,192.168.1.104,58-A0-23-DF-88-E7,14.116.137.22,89
2021-04-16 18:26:28,58-A0-23-DF-88-E7,14.116.137.22,60-EE-5C-D0-71-66,192.168.1.104,689
2021-04-16 18:26:28,60-EE-5C-D0-71-66,192.168.1.104,58-A0-23-DF-88-E7,14.116.137.22,89
2021-04-16 18:26:28,58-A0-23-DF-88-E7,14.116.137.22,60-EE-5C-D0-71-66,192.168.1.104,97
2021-04-16 18:26:29,60-EE-5C-D0-71-66,192.168.1.104,58-A0-23-DF-88-E7,14.116.137.22,89
2021-04-16 18:26:29,58-A0-23-DF-88-E7,14.116.137.22,60-EE-5C-D0-71-66,192.168.1.104,433
2021-04-16 18:26:29,58-A0-23-DF-88-E7,14.116.137.22,60-EE-5C-D0-71-66,192.168.1.104,689
2021-04-16 18:26:29,60-EE-5C-D0-71-66,192.168.1.104,58-A0-23-DF-88-E7,14.116.137.22,97
2021-04-16 18:26:29,60-EE-5C-D0-71-66,192.168.1.104,58-A0-23-DF-88-E7,14.116.137.22,89
2021-04-16 18:26:29,58-A0-23-DF-88-E7,14.116.137.22,60-EE-5C-D0-71-66,192.168.1.104,97
2021-04-16 18:26:29,60-EE-5C-D0-71-66,192.168.1.104,58-A0-23-DF-88-E7,14.116.137.22,89
2021-04-16 18:26:30,58-A0-23-DF-88-E7,14.116.137.22,60-EE-5C-D0-71-66,192.168.1.104,689
2021-04-16 18:26:30,60-EE-5C-D0-71-66,192.168.1.104,58-A0-23-DF-88-E7,14.116.137.22,89
2021-04-16 18:26:30,58-A0-23-DF-88-E7,14.116.137.22,60-EE-5C-D0-71-66,192.168.1.104,97
2021-04-16 18:26:30,60-EE-5C-D0-71-66,192.168.1.104,58-A0-23-DF-88-E7,14.116.137.22,89
2021-04-16 18:26:30,60-EE-5C-D0-71-66,192.168.1.104,58-A0-23-DF-88-E7,14.116.137.22,209
2021-04-16 18:26:30,58-A0-23-DF-88-E7,14.116.137.22,60-EE-5C-D0-71-66,192.168.1.104,689
2021-04-16 18:26:30,60-EE-5C-D0-71-66,192.168.1.104,58-A0-23-DF-88-E7,14.116.137.22,89
2021-04-16 18:26:31,58-A0-23-DF-88-E7,14.116.137.22,60-EE-5C-D0-71-66,192.168.1.104,97
2021-04-16 18:26:31,60-EE-5C-D0-71-66,192.168.1.104,58-A0-23-DF-88-E7,14.116.137.22,89
2021-04-16 18:26:31,58-A0-23-DF-88-E7,14.116.137.22,60-EE-5C-D0-71-66,192.168.1.104,689
2021-04-16 18:26:31,60-EE-5C-D0-71-66,192.168.1.104,58-A0-23-DF-88-E7,14.116.137.22,89
2021-04-16 18:26:31,58-A0-23-DF-88-E7,14.116.137.22,60-EE-5C-D0-71-66,192.168.1.104,97
2021-04-16 18:26:31,60-EE-5C-D0-71-66,192.168.1.104,58-A0-23-DF-88-E7,8.8.8.8,73
2021-04-16 18:26:31,60-EE-5C-D0-71-66,192.168.1.104,58-A0-23-DF-88-E7,8.8.4.4,73
2021-04-16 18:26:31,58-A0-23-DF-88-E7,8.8.8.8,60-EE-5C-D0-71-66,192.168.1.104,169
2021-04-16 18:26:31,58-A0-23-DF-88-E7,8.8.4.4,60-EE-5C-D0-71-66,192.168.1.104,121
2021-04-16 18:26:31,60-EE-5C-D0-71-66,192.168.1.104,58-A0-23-DF-88-E7,8.8.8.8,72
2021-04-16 18:26:31,60-EE-5C-D0-71-66,192.168.1.104,58-A0-23-DF-88-E7,8.8.4.4,72
2021-04-16 18:26:32,60-EE-5C-D0-71-66,192.168.1.104,58-A0-23-DF-88-E7,14.116.137.22,89
2021-04-16 18:26:32,58-A0-23-DF-88-E7,8.8.8.8,60-EE-5C-D0-71-66,192.168.1.104,239
2021-04-16 18:26:32,58-A0-23-DF-88-E7,8.8.4.4,60-EE-5C-D0-71-66,192.168.1.104,239
2021-04-16 18:26:32,58-A0-23-DF-88-E7,14.116.137.22,60-EE-5C-D0-71-66,192.168.1.104,689
2021-04-16 18:26:32,60-EE-5C-D0-71-66,192.168.1.104,58-A0-23-DF-88-E7,8.8.8.8,73
2021-04-16 18:26:32,60-EE-5C-D0-71-66,192.168.1.104,58-A0-23-DF-88-E7,14.116.137.22,81
2021-04-16 18:26:32,60-EE-5C-D0-71-66,192.168.1.104,58-A0-23-DF-88-E7,14.116.137.22,89
2021-04-16 18:26:32,58-A0-23-DF-88-E7,14.116.137.22,60-EE-5C-D0-71-66,192.168.1.104,97
2021-04-16 18:26:32,58-A0-23-DF-88-E7,14.116.137.22,60-EE-5C-D0-71-66,192.168.1.104,89
2021-04-16 18:26:32,58-A0-23-DF-88-E7,8.8.8.8,60-EE-5C-D0-71-66,192.168.1.104,158
2021-04-16 18:26:32,60-EE-5C-D0-71-66,192.168.1.104,58-A0-23-DF-88-E7,8.8.8.8,73
2021-04-16 18:26:32,60-EE-5C-D0-71-66,192.168.1.104,58-A0-23-DF-88-E7,8.8.4.4,73
2021-04-16 18:26:32,58-A0-23-DF-88-E7,8.8.8.8,60-EE-5C-D0-71-66,192.168.1.104,121
2021-04-16 18:26:32,58-A0-23-DF-88-E7,8.8.4.4,60-EE-5C-D0-71-66,192.168.1.104,121
2021-04-16 18:26:32,60-EE-5C-D0-71-66,192.168.1.104,58-A0-23-DF-88-E7,14.116.137.22,89
2021-04-16 18:26:32,58-A0-23-DF-88-E7,14.116.137.22,60-EE-5C-D0-71-66,192.168.1.104,129
2021-04-16 18:26:32,58-A0-23-DF-88-E7,14.116.137.22,60-EE-5C-D0-71-66,192.168.1.104,689
2021-04-16 18:26:32,60-EE-5C-D0-71-66,192.168.1.104,58-A0-23-DF-88-E7,14.116.137.22,89
2021-04-16 18:26:33,58-A0-23-DF-88-E7,14.116.137.22,60-EE-5C-D0-71-66,192.168.1.104,97
2021-04-16 18:26:33,60-EE-5C-D0-71-66,192.168.1.104,58-A0-23-DF-88-E7,14.116.137.22,89
2021-04-16 18:26:33,58-A0-23-DF-88-E7,14.116.137.22,60-EE-5C-D0-71-66,192.168.1.104,689
2021-04-16 18:26:33,60-EE-5C-D0-71-66,192.168.1.104,58-A0-23-DF-88-E7,14.116.137.22,89
2021-04-16 18:26:33,58-A0-23-DF-88-E7,14.116.137.22,60-EE-5C-D0-71-66,192.168.1.104,97
2021-04-16 18:26:34,60-EE-5C-D0-71-66,192.168.1.104,58-A0-23-DF-88-E7,14.116.137.22,89
2021-04-16 18:26:34,58-A0-23-DF-88-E7,14.116.137.22,60-EE-5C-D0-71-66,192.168.1.104,689
2021-04-16 18:26:34,60-EE-5C-D0-71-66,192.168.1.104,58-A0-23-DF-88-E7,14.116.137.22,89
2021-04-16 18:26:34,58-A0-23-DF-88-E7,14.116.137.22,60-EE-5C-D0-71-66,192.168.1.104,97
2021-04-16 18:26:34,60-EE-5C-D0-71-66,192.168.1.104,58-A0-23-DF-88-E7,14.116.137.22,89
2021-04-16 18:26:34,58-A0-23-DF-88-E7,14.116.137.22,60-EE-5C-D0-71-66,192.168.1.104,129
2021-04-16 18:26:34,58-A0-23-DF-88-E7,14.116.137.22,60-EE-5C-D0-71-66,192.168.1.104,689
2021-04-16 18:26:34,60-EE-5C-D0-71-66,192.168.1.104,58-A0-23-DF-88-E7,14.116.137.22,89
2021-04-16 18:26:34,58-A0-23-DF-88-E7,14.116.137.22,60-EE-5C-D0-71-66,192.168.1.104,97
2021-04-16 18:26:35,60-EE-5C-D0-71-66,192.168.1.104,58-A0-23-DF-88-E7,14.116.137.22,89
2021-04-16 18:26:35,58-A0-23-DF-88-E7,14.116.137.22,60-EE-5C-D0-71-66,192.168.1.104,689
2021-04-16 18:26:35,60-EE-5C-D0-71-66,192.168.1.104,58-A0-23-DF-88-E7,14.116.137.22,89
2021-04-16 18:26:35,58-A0-23-DF-88-E7,14.116.137.22,60-EE-5C-D0-71-66,192.168.1.104,97
2021-04-16 18:26:35,60-EE-5C-D0-71-66,192.168.1.104,58-A0-23-DF-88-E7,14.116.137.22,209
2021-04-16 18:26:36,60-EE-5C-D0-71-66,192.168.1.104,58-A0-23-DF-88-E7,14.116.137.22,89
2021-04-16 18:26:36,58-A0-23-DF-88-E7,14.116.137.22,60-EE-5C-D0-71-66,192.168.1.104,689
2021-04-16 18:26:36,60-EE-5C-D0-71-66,192.168.1.104,58-A0-23-DF-88-E7,14.116.137.22,89
2021-04-16 18:26:36,58-A0-23-DF-88-E7,14.116.137.22,60-EE-5C-D0-71-66,192.168.1.104,97
2021-04-16 18:26:36,58-A0-23-DF-88-E7,14.116.137.22,60-EE-5C-D0-71-66,192.168.1.104,409
2021-04-16 18:26:36,60-EE-5C-D0-71-66,192.168.1.104,58-A0-23-DF-88-E7,14.116.137.22,97
2021-04-16 18:26:36,60-EE-5C-D0-71-66,192.168.1.104,58-A0-23-DF-88-E7,14.116.137.22,89
2021-04-16 18:26:36,58-A0-23-DF-88-E7,14.116.137.22,60-EE-5C-D0-71-66,192.168.1.104,217
2021-04-16 18:26:36,60-EE-5C-D0-71-66,192.168.1.104,58-A0-23-DF-88-E7,14.116.137.22,89
2021-04-16 18:26:37,58-A0-23-DF-88-E7,14.116.137.22,60-EE-5C-D0-71-66,192.168.1.104,97
2021-04-16 18:26:37,58-A0-23-DF-88-E7,14.116.137.22,60-EE-5C-D0-71-66,192.168.1.104,353
2021-04-16 18:26:37,60-EE-5C-D0-71-66,192.168.1.104,58-A0-23-DF-88-E7,14.116.137.22,97
2021-04-16 18:26:40,58-A0-23-DF-88-E7,14.116.137.22,60-EE-5C-D0-71-66,192.168.1.104,369
2021-04-16 18:26:40,60-EE-5C-D0-71-66,192.168.1.104,58-A0-23-DF-88-E7,14.116.137.22,97
2021-04-16 18:26:40,60-EE-5C-D0-71-66,192.168.1.104,58-A0-23-DF-88-E7,14.116.137.22,89
2021-04-16 18:26:40,58-A0-23-DF-88-E7,14.116.137.22,60-EE-5C-D0-71-66,192.168.1.104,129
2021-04-16 18:26:40,58-A0-23-DF-88-E7,14.116.137.22,60-EE-5C-D0-71-66,192.168.1.104,873
2021-04-16 18:26:40,60-EE-5C-D0-71-66,192.168.1.104,58-A0-23-DF-88-E7,14.116.137.22,89
2021-04-16 18:26:40,58-A0-23-DF-88-E7,14.116.137.22,60-EE-5C-D0-71-66,192.168.1.104,97
2021-04-16 18:26:40,58-A0-23-DF-88-E7,14.116.137.22,60-EE-5C-D0-71-66,192.168.1.104,129
2021-04-16 18:26:40,60-EE-5C-D0-71-66,192.168.1.104,58-A0-23-DF-88-E7,14.116.137.22,89
2021-04-16 18:26:40,58-A0-23-DF-88-E7,14.116.137.22,60-EE-5C-D0-71-66,192.168.1.104,689
2021-04-16 18:26:40,60-EE-5C-D0-71-66,192.168.1.104,58-A0-23-DF-88-E7,14.116.137.22,89
1min（源ip与MAC地址）:
第1个,ip地址为192.168.1.104,MAC地址为58-A0-23-DF-88-E7,数据包总数为16820
第2个,ip地址为8.8.8.8,MAC地址为60-EE-5C-D0-71-66,数据包总数为3658
第3个,ip地址为14.116.137.22,MAC地址为60-EE-5C-D0-71-66,数据包总数为49394
第4个,ip地址为8.8.4.4,MAC地址为60-EE-5C-D0-71-66,数据包总数为1783
第5个,ip地址为192.168.1.105,MAC地址为60-EE-5C-D0-71-66,数据包总数为130
第6个,ip地址为192.168.1.100,MAC地址为58-A0-23-A5-CD-96,数据包总数为82
第7个,ip地址为192.168.1.105,MAC地址为76-7F-26-66-63-5F,数据包总数为260
第8个,ip地址为192.168.1.108,MAC地址为48-89-E7-E9-4D-B4,数据包总数为460
第9个,ip地址为192.168.1.1,MAC地址为60-EE-5C-D0-71-66,数据包总数为1308
1min（目的ip与MAC地址）:
第1个,ip地址为14.116.137.22,MAC地址为60:EE:5C:D0:71:66,数据包总数为13226
第2个,ip地址为8.8.8.8,MAC地址为60:EE:5C:D0:71:66,数据包总数为1662
第3个,ip地址为8.8.4.4,MAC地址为60:EE:5C:D0:71:66,数据包总数为986
第4个,ip地址为192.168.1.104,MAC地址为58:A0:23:DF:88:E7,数据包总数为54835
第5个,ip地址为224.0.0.251,MAC地址为58:A0:23:DF:88:E7,数据包总数为390
第6个,ip地址为192.168.1.255,MAC地址为FF:FF:FF:FF:FF:FF,数据包总数为542
第7个,ip地址为58.60.10.45,MAC地址为60:EE:5C:D0:71:66,数据包总数为86
第8个,ip地址为239.255.255.250,MAC地址为01:00:5E:7F:FF:FA,数据包总数为860
第9个,ip地址为239.255.255.250,MAC地址为58:A0:23:DF:88:E7,数据包总数为1308
2021-04-16 18:26:40,58-A0-23-DF-88-E7,14.116.137.22,60-EE-5C-D0-71-66,192.168.1.104,97
2021-04-16 18:26:41,FF-FF-FF-FF-FF-FF,192.168.1.100,58-A0-23-A5-CD-96,192.168.1.255,82
2021-04-16 18:26:41,60-EE-5C-D0-71-66,192.168.1.104,58-A0-23-DF-88-E7,14.116.137.22,89
2021-04-16 18:26:41,58-A0-23-DF-88-E7,14.116.137.22,60-EE-5C-D0-71-66,192.168.1.104,689
2021-04-16 18:26:41,60-EE-5C-D0-71-66,192.168.1.104,58-A0-23-DF-88-E7,14.116.137.22,89
2021-04-16 18:26:41,58-A0-23-DF-88-E7,14.116.137.22,60-EE-5C-D0-71-66,192.168.1.104,97
2021-04-16 18:26:41,60-EE-5C-D0-71-66,192.168.1.104,58-A0-23-DF-88-E7,14.116.137.22,89
2021-04-16 18:26:41,58-A0-23-DF-88-E7,14.116.137.22,60-EE-5C-D0-71-66,192.168.1.104,689
2021-04-16 18:26:41,60-EE-5C-D0-71-66,192.168.1.104,58-A0-23-DF-88-E7,14.116.137.22,89
2021-04-16 18:26:41,58-A0-23-DF-88-E7,14.116.137.22,60-EE-5C-D0-71-66,192.168.1.104,97
2021-04-16 18:26:41,58-A0-23-DF-88-E7,14.116.137.22,60-EE-5C-D0-71-66,192.168.1.104,409
2021-04-16 18:26:41,60-EE-5C-D0-71-66,192.168.1.104,58-A0-23-DF-88-E7,14.116.137.22,97
2021-04-16 18:26:42,60-EE-5C-D0-71-66,192.168.1.104,58-A0-23-DF-88-E7,14.116.137.22,89
2021-04-16 18:26:42,58-A0-23-DF-88-E7,14.116.137.22,60-EE-5C-D0-71-66,192.168.1.104,689
2021-04-16 18:26:42,60-EE-5C-D0-71-66,192.168.1.104,58-A0-23-DF-88-E7,14.116.137.22,89
2021-04-16 18:26:42,58-A0-23-DF-88-E7,14.116.137.22,60-EE-5C-D0-71-66,192.168.1.104,97
2021-04-16 18:26:42,58-A0-23-DF-88-E7,14.116.137.22,60-EE-5C-D0-71-66,192.168.1.104,777
2021-04-16 18:26:42,60-EE-5C-D0-71-66,192.168.1.104,58-A0-23-DF-88-E7,14.116.137.22,97
2021-04-16 18:26:42,60-EE-5C-D0-71-66,192.168.1.104,58-A0-23-DF-88-E7,14.116.137.22,89
2021-04-16 18:26:42,60-EE-5C-D0-71-66,192.168.1.104,58-A0-23-DF-88-E7,14.116.137.22,209
2021-04-16 18:26:43,58-A0-23-DF-88-E7,14.116.137.22,60-EE-5C-D0-71-66,192.168.1.104,353
2021-04-16 18:26:43,58-A0-23-DF-88-E7,14.116.137.22,60-EE-5C-D0-71-66,192.168.1.104,641
2021-04-16 18:26:43,60-EE-5C-D0-71-66,192.168.1.104,58-A0-23-DF-88-E7,14.116.137.22,97
2021-04-16 18:26:43,60-EE-5C-D0-71-66,192.168.1.104,58-A0-23-DF-88-E7,14.116.137.22,89
2021-04-16 18:26:43,60-EE-5C-D0-71-66,192.168.1.104,58-A0-23-DF-88-E7,14.116.137.22,81
2021-04-16 18:26:43,60-EE-5C-D0-71-66,192.168.1.104,58-A0-23-DF-88-E7,14.116.137.22,89
2021-04-16 18:26:43,58-A0-23-DF-88-E7,14.116.137.22,60-EE-5C-D0-71-66,192.168.1.104,873
2021-04-16 18:26:43,58-A0-23-DF-88-E7,14.116.137.22,60-EE-5C-D0-71-66,192.168.1.104,89
2021-04-16 18:26:43,58-A0-23-DF-88-E7,14.116.137.22,60-EE-5C-D0-71-66,192.168.1.104,97
2021-04-16 18:26:43,60-EE-5C-D0-71-66,192.168.1.104,58-A0-23-DF-88-E7,14.116.137.22,89
2021-04-16 18:26:43,60-EE-5C-D0-71-66,192.168.1.104,58-A0-23-DF-88-E7,14.116.137.22,89
2021-04-16 18:26:43,58-A0-23-DF-88-E7,14.116.137.22,60-EE-5C-D0-71-66,192.168.1.104,97
2021-04-16 18:26:43,58-A0-23-DF-88-E7,14.116.137.22,60-EE-5C-D0-71-66,192.168.1.104,873
2021-04-16 18:26:43,60-EE-5C-D0-71-66,192.168.1.104,58-A0-23-DF-88-E7,14.116.137.22,89
2021-04-16 18:26:43,58-A0-23-DF-88-E7,14.116.137.22,60-EE-5C-D0-71-66,192.168.1.104,97
2021-04-16 18:26:43,60-EE-5C-D0-71-66,192.168.1.104,58-A0-23-DF-88-E7,14.116.137.22,89
2021-04-16 18:26:44,60-EE-5C-D0-71-66,192.168.1.104,58-A0-23-DF-88-E7,14.116.137.22,89
2021-04-16 18:26:44,58-A0-23-DF-88-E7,14.116.137.22,60-EE-5C-D0-71-66,192.168.1.104,689
2021-04-16 18:26:44,58-A0-23-DF-88-E7,14.116.137.22,60-EE-5C-D0-71-66,192.168.1.104,689
2021-04-16 18:26:44,60-EE-5C-D0-71-66,192.168.1.104,58-A0-23-DF-88-E7,14.116.137.22,89
2021-04-16 18:26:44,58-A0-23-DF-88-E7,14.116.137.22,60-EE-5C-D0-71-66,192.168.1.104,97
2021-04-16 18:26:44,60-EE-5C-D0-71-66,192.168.1.104,58-A0-23-DF-88-E7,14.116.137.22,89
2021-04-16 18:26:44,58-A0-23-DF-88-E7,14.116.137.22,60-EE-5C-D0-71-66,192.168.1.104,97
2021-04-16 18:26:44,60-EE-5C-D0-71-66,192.168.1.104,58-A0-23-DF-88-E7,14.116.137.22,89
2021-04-16 18:26:44,60-EE-5C-D0-71-66,192.168.1.104,58-A0-23-DF-88-E7,14.116.137.22,89
2021-04-16 18:26:44,58-A0-23-DF-88-E7,14.116.137.22,60-EE-5C-D0-71-66,192.168.1.104,689
2021-04-16 18:26:44,58-A0-23-DF-88-E7,14.116.137.22,60-EE-5C-D0-71-66,192.168.1.104,689
2021-04-16 18:26:44,60-EE-5C-D0-71-66,192.168.1.104,58-A0-23-DF-88-E7,14.116.137.22,89
2021-04-16 18:26:44,60-EE-5C-D0-71-66,192.168.1.104,58-A0-23-DF-88-E7,14.116.137.22,81
2021-04-16 18:26:44,58-A0-23-DF-88-E7,14.116.137.22,60-EE-5C-D0-71-66,192.168.1.104,97
2021-04-16 18:26:44,60-EE-5C-D0-71-66,192.168.1.104,58-A0-23-DF-88-E7,14.116.137.22,89
2021-04-16 18:26:44,58-A0-23-DF-88-E7,14.116.137.22,60-EE-5C-D0-71-66,192.168.1.104,89
2021-04-16 18:26:44,58-A0-23-DF-88-E7,14.116.137.22,60-EE-5C-D0-71-66,192.168.1.104,97
2021-04-16 18:26:45,60-EE-5C-D0-71-66,192.168.1.104,58-A0-23-DF-88-E7,14.116.137.22,89
2021-04-16 18:26:45,60-EE-5C-D0-71-66,192.168.1.104,58-A0-23-DF-88-E7,14.116.137.22,89
2021-04-16 18:26:45,58-A0-23-DF-88-E7,14.116.137.22,60-EE-5C-D0-71-66,192.168.1.104,689
2021-04-16 18:26:45,60-EE-5C-D0-71-66,192.168.1.104,58-A0-23-DF-88-E7,14.116.137.22,89
2021-04-16 18:26:45,58-A0-23-DF-88-E7,14.116.137.22,60-EE-5C-D0-71-66,192.168.1.104,689
2021-04-16 18:26:45,58-A0-23-DF-88-E7,14.116.137.22,60-EE-5C-D0-71-66,192.168.1.104,97
2021-04-16 18:26:45,60-EE-5C-D0-71-66,192.168.1.104,58-A0-23-DF-88-E7,14.116.137.22,89
2021-04-16 18:26:45,58-A0-23-DF-88-E7,14.116.137.22,60-EE-5C-D0-71-66,192.168.1.104,97
2021-04-16 18:26:45,60-EE-5C-D0-71-66,192.168.1.104,58-A0-23-DF-88-E7,14.116.137.22,89
2021-04-16 18:26:45,60-EE-5C-D0-71-66,192.168.1.104,58-A0-23-DF-88-E7,14.116.137.22,89
2021-04-16 18:26:45,58-A0-23-DF-88-E7,14.116.137.22,60-EE-5C-D0-71-66,192.168.1.104,689
2021-04-16 18:26:45,60-EE-5C-D0-71-66,192.168.1.104,58-A0-23-DF-88-E7,14.116.137.22,89
2021-04-16 18:26:45,58-A0-23-DF-88-E7,14.116.137.22,60-EE-5C-D0-71-66,192.168.1.104,689
2021-04-16 18:26:46,60-EE-5C-D0-71-66,192.168.1.104,58-A0-23-DF-88-E7,14.116.137.22,209
2021-04-16 18:26:46,60-EE-5C-D0-71-66,192.168.1.104,58-A0-23-DF-88-E7,14.116.137.22,89
2021-04-16 18:26:46,60-EE-5C-D0-71-66,192.168.1.104,58-A0-23-DF-88-E7,14.116.137.22,89
2021-04-16 18:26:46,60-EE-5C-D0-71-66,192.168.1.104,58-A0-23-DF-88-E7,8.8.8.8,73
2021-04-16 18:26:46,58-A0-23-DF-88-E7,14.116.137.22,60-EE-5C-D0-71-66,192.168.1.104,641
2021-04-16 18:26:46,58-A0-23-DF-88-E7,14.116.137.22,60-EE-5C-D0-71-66,192.168.1.104,689
2021-04-16 18:26:46,58-A0-23-DF-88-E7,14.116.137.22,60-EE-5C-D0-71-66,192.168.1.104,129
2021-04-16 18:26:46,58-A0-23-DF-88-E7,8.8.8.8,60-EE-5C-D0-71-66,192.168.1.104,121
2021-04-16 18:26:46,60-EE-5C-D0-71-66,192.168.1.104,58-A0-23-DF-88-E7,8.8.8.8,72
2021-04-16 18:26:46,60-EE-5C-D0-71-66,192.168.1.104,58-A0-23-DF-88-E7,8.8.4.4,72
2021-04-16 18:26:46,58-A0-23-DF-88-E7,8.8.8.8,60-EE-5C-D0-71-66,192.168.1.104,239
2021-04-16 18:26:46,58-A0-23-DF-88-E7,8.8.4.4,60-EE-5C-D0-71-66,192.168.1.104,239
2021-04-16 18:26:46,60-EE-5C-D0-71-66,192.168.1.104,58-A0-23-DF-88-E7,8.8.8.8,73
2021-04-16 18:26:46,58-A0-23-DF-88-E7,8.8.8.8,60-EE-5C-D0-71-66,192.168.1.104,158
2021-04-16 18:26:46,60-EE-5C-D0-71-66,192.168.1.104,58-A0-23-DF-88-E7,8.8.8.8,73
2021-04-16 18:26:46,58-A0-23-DF-88-E7,8.8.8.8,60-EE-5C-D0-71-66,192.168.1.104,121
2021-04-16 18:26:46,58-A0-23-DF-88-E7,14.116.137.22,60-EE-5C-D0-71-66,192.168.1.104,417
2021-04-16 18:26:46,60-EE-5C-D0-71-66,192.168.1.104,58-A0-23-DF-88-E7,14.116.137.22,97
2021-04-16 18:26:46,60-EE-5C-D0-71-66,192.168.1.104,58-A0-23-DF-88-E7,14.116.137.22,89
2021-04-16 18:26:46,58-A0-23-DF-88-E7,14.116.137.22,60-EE-5C-D0-71-66,192.168.1.104,689
2021-04-16 18:26:47,60-EE-5C-D0-71-66,192.168.1.104,58-A0-23-DF-88-E7,14.116.137.22,89
2021-04-16 18:26:47,58-A0-23-DF-88-E7,14.116.137.22,60-EE-5C-D0-71-66,192.168.1.104,689
2021-04-16 18:26:47,58-A0-23-DF-88-E7,14.116.137.22,60-EE-5C-D0-71-66,192.168.1.104,129
2021-04-16 18:26:48,60-EE-5C-D0-71-66,192.168.1.104,58-A0-23-DF-88-E7,14.116.137.22,89
2021-04-16 18:26:48,FF-FF-FF-FF-FF-FF,192.168.1.108,48-89-E7-E9-4D-B4,192.168.1.255,92
2021-04-16 18:26:48,58-A0-23-DF-88-E7,14.116.137.22,60-EE-5C-D0-71-66,192.168.1.104,689
2021-04-16 18:26:48,60-EE-5C-D0-71-66,192.168.1.104,58-A0-23-DF-88-E7,14.116.137.22,89
2021-04-16 18:26:48,58-A0-23-DF-88-E7,14.116.137.22,60-EE-5C-D0-71-66,192.168.1.104,97
2021-04-16 18:26:48,60-EE-5C-D0-71-66,192.168.1.104,58-A0-23-DF-88-E7,14.116.137.22,89
2021-04-16 18:26:48,58-A0-23-DF-88-E7,14.116.137.22,60-EE-5C-D0-71-66,192.168.1.104,97
2021-04-16 18:26:48,FF-FF-FF-FF-FF-FF,192.168.1.108,48-89-E7-E9-4D-B4,192.168.1.255,92
2021-04-16 18:26:49,60-EE-5C-D0-71-66,192.168.1.104,58-A0-23-DF-88-E7,14.116.137.22,89
2021-04-16 18:26:49,58-A0-23-DF-88-E7,14.116.137.22,60-EE-5C-D0-71-66,192.168.1.104,689
2021-04-16 18:26:49,60-EE-5C-D0-71-66,192.168.1.104,58-A0-23-DF-88-E7,14.116.137.22,89
2021-04-16 18:26:49,58-A0-23-DF-88-E7,14.116.137.22,60-EE-5C-D0-71-66,192.168.1.104,97
2021-04-16 18:26:49,60-EE-5C-D0-71-66,192.168.1.104,58-A0-23-DF-88-E7,14.116.137.22,89
2021-04-16 18:26:49,FF-FF-FF-FF-FF-FF,192.168.1.108,48-89-E7-E9-4D-B4,192.168.1.255,92
2021-04-16 18:26:49,58-A0-23-DF-88-E7,14.116.137.22,60-EE-5C-D0-71-66,192.168.1.104,689
2021-04-16 18:26:49,58-A0-23-DF-88-E7,14.116.137.22,60-EE-5C-D0-71-66,192.168.1.104,377
2021-04-16 18:26:49,60-EE-5C-D0-71-66,192.168.1.104,58-A0-23-DF-88-E7,14.116.137.22,97
2021-04-16 18:26:49,60-EE-5C-D0-71-66,192.168.1.104,58-A0-23-DF-88-E7,14.116.137.22,89
2021-04-16 18:26:50,58-A0-23-DF-88-E7,14.116.137.22,60-EE-5C-D0-71-66,192.168.1.104,97
2021-04-16 18:26:50,60-EE-5C-D0-71-66,192.168.1.104,58-A0-23-DF-88-E7,14.116.137.22,89
2021-04-16 18:26:50,58-A0-23-DF-88-E7,14.116.137.22,60-EE-5C-D0-71-66,192.168.1.104,689
2021-04-16 18:26:50,60-EE-5C-D0-71-66,192.168.1.104,58-A0-23-DF-88-E7,14.116.137.22,89
2021-04-16 18:26:50,58-A0-23-DF-88-E7,14.116.137.22,60-EE-5C-D0-71-66,192.168.1.104,97
2021-04-16 18:26:50,58-A0-23-DF-88-E7,14.116.137.22,60-EE-5C-D0-71-66,192.168.1.104,129
2021-04-16 18:26:51,60-EE-5C-D0-71-66,192.168.1.104,58-A0-23-DF-88-E7,14.116.137.22,89
2021-04-16 18:26:51,60-EE-5C-D0-71-66,192.168.1.104,58-A0-23-DF-88-E7,14.116.137.22,209
2021-04-16 18:26:51,58-A0-23-DF-88-E7,14.116.137.22,60-EE-5C-D0-71-66,192.168.1.104,689
2021-04-16 18:26:51,60-EE-5C-D0-71-66,192.168.1.104,58-A0-23-DF-88-E7,14.116.137.22,81
2021-04-16 18:26:51,60-EE-5C-D0-71-66,192.168.1.104,58-A0-23-DF-88-E7,14.116.137.22,89
2021-04-16 18:26:51,58-A0-23-DF-88-E7,14.116.137.22,60-EE-5C-D0-71-66,192.168.1.104,97
2021-04-16 18:26:51,58-A0-23-DF-88-E7,14.116.137.22,60-EE-5C-D0-71-66,192.168.1.104,89
2021-04-16 18:26:51,60-EE-5C-D0-71-66,192.168.1.104,58-A0-23-DF-88-E7,14.116.137.22,89
2021-04-16 18:26:51,58-A0-23-DF-88-E7,14.116.137.22,60-EE-5C-D0-71-66,192.168.1.104,689
2021-04-16 18:26:51,60-EE-5C-D0-71-66,192.168.1.104,58-A0-23-DF-88-E7,14.116.137.22,89
2021-04-16 18:26:51,58-A0-23-DF-88-E7,14.116.137.22,60-EE-5C-D0-71-66,192.168.1.104,97
2021-04-16 18:26:52,60-EE-5C-D0-71-66,192.168.1.104,58-A0-23-DF-88-E7,14.116.137.22,89
2021-04-16 18:26:52,58-A0-23-DF-88-E7,14.116.137.22,60-EE-5C-D0-71-66,192.168.1.104,689
2021-04-16 18:26:52,60-EE-5C-D0-71-66,192.168.1.104,58-A0-23-DF-88-E7,14.116.137.22,89
2021-04-16 18:26:52,58-A0-23-DF-88-E7,14.116.137.22,60-EE-5C-D0-71-66,192.168.1.104,97
2021-04-16 18:26:52,01-00-5E-7F-FF-FA,192.168.1.104,58-A0-23-DF-88-E7,239.255.255.250,215
2021-04-16 18:26:52,60-EE-5C-D0-71-66,192.168.1.104,58-A0-23-DF-88-E7,14.116.137.22,89
2021-04-16 18:26:52,58-A0-23-DF-88-E7,14.116.137.22,60-EE-5C-D0-71-66,192.168.1.104,689
2021-04-16 18:26:52,60-EE-5C-D0-71-66,192.168.1.104,58-A0-23-DF-88-E7,14.116.137.22,89
2021-04-16 18:26:53,58-A0-23-DF-88-E7,14.116.137.22,60-EE-5C-D0-71-66,192.168.1.104,129
2021-04-16 18:26:53,58-A0-23-DF-88-E7,14.116.137.22,60-EE-5C-D0-71-66,192.168.1.104,97
2021-04-16 18:26:53,60-EE-5C-D0-71-66,192.168.1.104,58-A0-23-DF-88-E7,14.116.137.22,89
2021-04-16 18:26:53,58-A0-23-DF-88-E7,14.116.137.22,60-EE-5C-D0-71-66,192.168.1.104,129
2021-04-16 18:26:53,58-A0-23-DF-88-E7,14.116.137.22,60-EE-5C-D0-71-66,192.168.1.104,689
2021-04-16 18:26:53,60-EE-5C-D0-71-66,192.168.1.104,58-A0-23-DF-88-E7,14.116.137.22,89
2021-04-16 18:26:53,58-A0-23-DF-88-E7,14.116.137.22,60-EE-5C-D0-71-66,192.168.1.104,97
2021-04-16 18:26:53,01-00-5E-7F-FF-FA,192.168.1.104,58-A0-23-DF-88-E7,239.255.255.250,215
2021-04-16 18:26:53,60-EE-5C-D0-71-66,192.168.1.104,58-A0-23-DF-88-E7,14.116.137.22,89
2021-04-16 18:26:54,58-A0-23-DF-88-E7,14.116.137.22,60-EE-5C-D0-71-66,192.168.1.104,689
2021-04-16 18:26:54,60-EE-5C-D0-71-66,192.168.1.104,58-A0-23-DF-88-E7,14.116.137.22,89
2021-04-16 18:26:54,58-A0-23-DF-88-E7,14.116.137.22,60-EE-5C-D0-71-66,192.168.1.104,97
2021-04-16 18:26:54,01-00-5E-7F-FF-FA,192.168.1.104,58-A0-23-DF-88-E7,239.255.255.250,215
2021-04-16 18:26:54,60-EE-5C-D0-71-66,192.168.1.104,58-A0-23-DF-88-E7,14.116.137.22,89
2021-04-16 18:26:55,58-A0-23-DF-88-E7,14.116.137.22,60-EE-5C-D0-71-66,192.168.1.104,689
2021-04-16 18:26:55,60-EE-5C-D0-71-66,192.168.1.104,58-A0-23-DF-88-E7,14.116.137.22,89
2021-04-16 18:26:55,58-A0-23-DF-88-E7,14.116.137.22,60-EE-5C-D0-71-66,192.168.1.104,97
2021-04-16 18:26:55,60-EE-5C-D0-71-66,192.168.1.104,58-A0-23-DF-88-E7,14.116.137.22,89
2021-04-16 18:26:55,58-A0-23-DF-88-E7,14.116.137.22,60-EE-5C-D0-71-66,192.168.1.104,689
2021-04-16 18:26:55,60-EE-5C-D0-71-66,192.168.1.104,58-A0-23-DF-88-E7,14.116.137.22,89
2021-04-16 18:26:55,58-A0-23-DF-88-E7,14.116.137.22,60-EE-5C-D0-71-66,192.168.1.104,97
2021-04-16 18:26:55,01-00-5E-7F-FF-FA,192.168.1.104,58-A0-23-DF-88-E7,239.255.255.250,215
2021-04-16 18:26:56,60-EE-5C-D0-71-66,192.168.1.104,58-A0-23-DF-88-E7,14.116.137.22,89
2021-04-16 18:26:56,58-A0-23-DF-88-E7,14.116.137.22,60-EE-5C-D0-71-66,192.168.1.104,689
2021-04-16 18:26:56,60-EE-5C-D0-71-66,192.168.1.104,58-A0-23-DF-88-E7,14.116.137.22,89
2021-04-16 18:26:56,58-A0-23-DF-88-E7,14.116.137.22,60-EE-5C-D0-71-66,192.168.1.104,97
2021-04-16 18:26:56,60-EE-5C-D0-71-66,192.168.1.104,58-A0-23-DF-88-E7,14.116.137.22,89
2021-04-16 18:26:56,58-A0-23-DF-88-E7,14.116.137.22,60-EE-5C-D0-71-66,192.168.1.104,689
2021-04-16 18:26:56,60-EE-5C-D0-71-66,192.168.1.104,58-A0-23-DF-88-E7,14.116.137.22,89
2021-04-16 18:26:56,58-A0-23-DF-88-E7,14.116.137.22,60-EE-5C-D0-71-66,192.168.1.104,97
2021-04-16 18:26:57,60-EE-5C-D0-71-66,192.168.1.104,58-A0-23-DF-88-E7,14.116.137.22,89
2021-04-16 18:26:57,58-A0-23-DF-88-E7,14.116.137.22,60-EE-5C-D0-71-66,192.168.1.104,129
2021-04-16 18:26:57,58-A0-23-DF-88-E7,14.116.137.22,60-EE-5C-D0-71-66,192.168.1.104,129
2021-04-16 18:26:57,58-A0-23-DF-88-E7,14.116.137.22,60-EE-5C-D0-71-66,192.168.1.104,689
2021-04-16 18:26:57,60-EE-5C-D0-71-66,192.168.1.104,58-A0-23-DF-88-E7,14.116.137.22,81
2021-04-16 18:26:57,60-EE-5C-D0-71-66,192.168.1.104,58-A0-23-DF-88-E7,14.116.137.22,89
2021-04-16 18:26:57,58-A0-23-DF-88-E7,14.116.137.22,60-EE-5C-D0-71-66,192.168.1.104,97
2021-04-16 18:26:57,58-A0-23-DF-88-E7,14.116.137.22,60-EE-5C-D0-71-66,192.168.1.104,89
2021-04-16 18:26:57,60-EE-5C-D0-71-66,192.168.1.104,58-A0-23-DF-88-E7,58.60.10.45,86
2021-04-16 18:26:57,60-EE-5C-D0-71-66,192.168.1.104,58-A0-23-DF-88-E7,14.116.137.22,89
2021-04-16 18:26:57,FF-FF-FF-FF-FF-FF,192.168.1.108,48-89-E7-E9-4D-B4,192.168.1.255,92
2021-04-16 18:26:58,60-EE-5C-D0-71-66,192.168.1.104,58-A0-23-DF-88-E7,14.116.137.22,209
2021-04-16 18:26:58,58-A0-23-DF-88-E7,14.116.137.22,60-EE-5C-D0-71-66,192.168.1.104,689
2021-04-16 18:26:58,60-EE-5C-D0-71-66,192.168.1.104,58-A0-23-DF-88-E7,14.116.137.22,89
2021-04-16 18:26:58,58-A0-23-DF-88-E7,14.116.137.22,60-EE-5C-D0-71-66,192.168.1.104,97
2021-04-16 18:26:58,FF-FF-FF-FF-FF-FF,192.168.1.108,48-89-E7-E9-4D-B4,192.168.1.255,92
2021-04-16 18:26:58,60-EE-5C-D0-71-66,192.168.1.104,58-A0-23-DF-88-E7,14.116.137.22,89
2021-04-16 18:26:58,58-A0-23-DF-88-E7,14.116.137.22,60-EE-5C-D0-71-66,192.168.1.104,689
2021-04-16 18:26:58,60-EE-5C-D0-71-66,192.168.1.104,58-A0-23-DF-88-E7,14.116.137.22,89
2021-04-16 18:26:59,58-A0-23-DF-88-E7,14.116.137.22,60-EE-5C-D0-71-66,192.168.1.104,97
2021-04-16 18:26:59,58-A0-23-DF-88-E7,14.116.137.22,60-EE-5C-D0-71-66,192.168.1.104,121
2021-04-16 18:26:59,60-EE-5C-D0-71-66,192.168.1.104,58-A0-23-DF-88-E7,14.116.137.22,97
2021-04-16 18:26:59,58-A0-23-DF-88-E7,14.116.137.22,60-EE-5C-D0-71-66,192.168.1.104,129
2021-04-16 18:26:59,FF-FF-FF-FF-FF-FF,192.168.1.108,48-89-E7-E9-4D-B4,192.168.1.255,92
2021-04-16 18:26:59,60-EE-5C-D0-71-66,192.168.1.104,58-A0-23-DF-88-E7,14.116.137.22,89
2021-04-16 18:26:59,58-A0-23-DF-88-E7,14.116.137.22,60-EE-5C-D0-71-66,192.168.1.104,689
2021-04-16 18:26:59,60-EE-5C-D0-71-66,192.168.1.104,58-A0-23-DF-88-E7,14.116.137.22,89
2021-04-16 18:26:59,58-A0-23-DF-88-E7,14.116.137.22,60-EE-5C-D0-71-66,192.168.1.104,97
2021-04-16 18:26:59,60-EE-5C-D0-71-66,192.168.1.104,58-A0-23-DF-88-E7,14.116.137.22,89
2021-04-16 18:27:00,58-A0-23-DF-88-E7,14.116.137.22,60-EE-5C-D0-71-66,192.168.1.104,689
2021-04-16 18:27:00,60-EE-5C-D0-71-66,192.168.1.104,58-A0-23-DF-88-E7,14.116.137.22,89
2021-04-16 18:27:00,58-A0-23-DF-88-E7,14.116.137.22,60-EE-5C-D0-71-66,192.168.1.104,97
2021-04-16 18:27:00,60-EE-5C-D0-71-66,192.168.1.104,58-A0-23-DF-88-E7,14.116.137.22,89
2021-04-16 18:27:00,58-A0-23-DF-88-E7,14.116.137.22,60-EE-5C-D0-71-66,192.168.1.104,689
2021-04-16 18:27:00,60-EE-5C-D0-71-66,192.168.1.104,58-A0-23-DF-88-E7,14.116.137.22,89
2021-04-16 18:27:00,58-A0-23-DF-88-E7,14.116.137.22,60-EE-5C-D0-71-66,192.168.1.104,97
2021-04-16 18:27:00,58-A0-23-DF-88-E7,14.116.137.22,60-EE-5C-D0-71-66,192.168.1.104,129
2021-04-16 18:27:01,60-EE-5C-D0-71-66,192.168.1.104,58-A0-23-DF-88-E7,14.116.137.22,89
2021-04-16 18:27:01,58-A0-23-DF-88-E7,14.116.137.22,60-EE-5C-D0-71-66,192.168.1.104,689
2021-04-16 18:27:01,60-EE-5C-D0-71-66,192.168.1.104,58-A0-23-DF-88-E7,14.116.137.22,89
2021-04-16 18:27:01,58-A0-23-DF-88-E7,14.116.137.22,60-EE-5C-D0-71-66,192.168.1.104,97
2021-04-16 18:27:01,60-EE-5C-D0-71-66,192.168.1.104,58-A0-23-DF-88-E7,14.116.137.22,209
2021-04-16 18:27:01,58-A0-23-DF-88-E7,14.116.137.22,60-EE-5C-D0-71-66,192.168.1.104,129
2021-04-16 18:27:01,60-EE-5C-D0-71-66,192.168.1.104,58-A0-23-DF-88-E7,14.116.137.22,89
2021-04-16 18:27:01,58-A0-23-DF-88-E7,14.116.137.22,60-EE-5C-D0-71-66,192.168.1.104,689
2021-04-16 18:27:01,60-EE-5C-D0-71-66,192.168.1.104,58-A0-23-DF-88-E7,14.116.137.22,89
2021-04-16 18:27:01,58-A0-23-DF-88-E7,14.116.137.22,60-EE-5C-D0-71-66,192.168.1.104,97
2021-04-16 18:27:01,58-A0-23-DF-88-E7,14.116.137.22,60-EE-5C-D0-71-66,192.168.1.104,577
2021-04-16 18:27:01,60-EE-5C-D0-71-66,192.168.1.104,58-A0-23-DF-88-E7,14.116.137.22,97
2021-04-16 18:27:02,60-EE-5C-D0-71-66,192.168.1.104,58-A0-23-DF-88-E7,14.116.137.22,89
2021-04-16 18:27:02,58-A0-23-DF-88-E7,14.116.137.22,60-EE-5C-D0-71-66,192.168.1.104,217
2021-04-16 18:27:02,60-EE-5C-D0-71-66,192.168.1.104,58-A0-23-DF-88-E7,14.116.137.22,89
2021-04-16 18:27:02,58-A0-23-DF-88-E7,14.116.137.22,60-EE-5C-D0-71-66,192.168.1.104,97
2021-04-16 18:27:03,58-A0-23-DF-88-E7,14.116.137.22,60-EE-5C-D0-71-66,192.168.1.104,129
2021-04-16 18:27:04,58-A0-23-DF-88-E7,14.116.137.22,60-EE-5C-D0-71-66,192.168.1.104,593
2021-04-16 18:27:04,58-A0-23-DF-88-E7,14.116.137.22,60-EE-5C-D0-71-66,192.168.1.104,129
2021-04-16 18:27:04,60-EE-5C-D0-71-66,192.168.1.104,58-A0-23-DF-88-E7,14.116.137.22,97
2021-04-16 18:27:04,60-EE-5C-D0-71-66,192.168.1.104,58-A0-23-DF-88-E7,14.116.137.22,89
2021-04-16 18:27:04,58-A0-23-DF-88-E7,14.116.137.22,60-EE-5C-D0-71-66,192.168.1.104,873
2021-04-16 18:27:04,60-EE-5C-D0-71-66,192.168.1.104,58-A0-23-DF-88-E7,14.116.137.22,89
2021-04-16 18:27:04,58-A0-23-DF-88-E7,14.116.137.22,60-EE-5C-D0-71-66,192.168.1.104,97
2021-04-16 18:27:05,60-EE-5C-D0-71-66,192.168.1.104,58-A0-23-DF-88-E7,14.116.137.22,89
2021-04-16 18:27:05,58-A0-23-DF-88-E7,14.116.137.22,60-EE-5C-D0-71-66,192.168.1.104,689
2021-04-16 18:27:05,60-EE-5C-D0-71-66,192.168.1.104,58-A0-23-DF-88-E7,14.116.137.22,81
2021-04-16 18:27:05,60-EE-5C-D0-71-66,192.168.1.104,58-A0-23-DF-88-E7,14.116.137.22,89
2021-04-16 18:27:05,58-A0-23-DF-88-E7,14.116.137.22,60-EE-5C-D0-71-66,192.168.1.104,89
2021-04-16 18:27:05,60-EE-5C-D0-71-66,192.168.1.104,58-A0-23-DF-88-E7,14.116.137.22,89
2021-04-16 18:27:05,58-A0-23-DF-88-E7,14.116.137.22,60-EE-5C-D0-71-66,192.168.1.104,689
2021-04-16 18:27:06,58-A0-23-DF-88-E7,14.116.137.22,60-EE-5C-D0-71-66,192.168.1.104,129
2021-04-16 18:27:06,60-EE-5C-D0-71-66,192.168.1.104,58-A0-23-DF-88-E7,14.116.137.22,89
2021-04-16 18:27:06,58-A0-23-DF-88-E7,14.116.137.22,60-EE-5C-D0-71-66,192.168.1.104,689
2021-04-16 18:27:06,60-EE-5C-D0-71-66,192.168.1.104,58-A0-23-DF-88-E7,14.116.137.22,209
2021-04-16 18:27:06,60-EE-5C-D0-71-66,192.168.1.104,58-A0-23-DF-88-E7,14.116.137.22,89
2021-04-16 18:27:06,58-A0-23-DF-88-E7,14.116.137.22,60-EE-5C-D0-71-66,192.168.1.104,689
2021-04-16 18:27:07,FF-FF-FF-FF-FF-FF,192.168.1.108,48-89-E7-E9-4D-B4,192.168.1.255,92
2021-04-16 18:27:07,58-A0-23-DF-88-E7,14.116.137.22,60-EE-5C-D0-71-66,192.168.1.104,865
2021-04-16 18:27:07,60-EE-5C-D0-71-66,192.168.1.104,58-A0-23-DF-88-E7,14.116.137.22,97
2021-04-16 18:27:07,60-EE-5C-D0-71-66,192.168.1.104,58-A0-23-DF-88-E7,14.116.137.22,89
2021-04-16 18:27:07,58-A0-23-DF-88-E7,14.116.137.22,60-EE-5C-D0-71-66,192.168.1.104,689
2021-04-16 18:27:07,60-EE-5C-D0-71-66,192.168.1.104,58-A0-23-DF-88-E7,8.8.8.8,73
2021-04-16 18:27:07,60-EE-5C-D0-71-66,192.168.1.104,58-A0-23-DF-88-E7,8.8.4.4,73
2021-04-16 18:27:07,60-EE-5C-D0-71-66,192.168.1.104,58-A0-23-DF-88-E7,14.116.137.22,89
2021-04-16 18:27:07,FF-FF-FF-FF-FF-FF,192.168.1.108,48-89-E7-E9-4D-B4,192.168.1.255,92
2021-04-16 18:27:08,58-A0-23-DF-88-E7,8.8.8.8,60-EE-5C-D0-71-66,192.168.1.104,121
2021-04-16 18:27:08,58-A0-23-DF-88-E7,8.8.4.4,60-EE-5C-D0-71-66,192.168.1.104,121
2021-04-16 18:27:08,58-A0-23-DF-88-E7,14.116.137.22,60-EE-5C-D0-71-66,192.168.1.104,689
2021-04-16 18:27:08,60-EE-5C-D0-71-66,192.168.1.104,58-A0-23-DF-88-E7,8.8.8.8,72
2021-04-16 18:27:08,60-EE-5C-D0-71-66,192.168.1.104,58-A0-23-DF-88-E7,8.8.4.4,72
2021-04-16 18:27:08,58-A0-23-DF-88-E7,8.8.8.8,60-EE-5C-D0-71-66,192.168.1.104,239
2021-04-16 18:27:08,60-EE-5C-D0-71-66,192.168.1.104,58-A0-23-DF-88-E7,8.8.8.8,73
2021-04-16 18:27:08,58-A0-23-DF-88-E7,8.8.4.4,60-EE-5C-D0-71-66,192.168.1.104,239
2021-04-16 18:27:08,60-EE-5C-D0-71-66,192.168.1.104,58-A0-23-DF-88-E7,14.116.137.22,89
2021-04-16 18:27:08,60-EE-5C-D0-71-66,192.168.1.104,58-A0-23-DF-88-E7,8.8.4.4,73
2021-04-16 18:27:08,58-A0-23-DF-88-E7,8.8.8.8,60-EE-5C-D0-71-66,192.168.1.104,158
2021-04-16 18:27:08,60-EE-5C-D0-71-66,192.168.1.104,58-A0-23-DF-88-E7,8.8.8.8,73
2021-04-16 18:27:08,60-EE-5C-D0-71-66,192.168.1.104,58-A0-23-DF-88-E7,8.8.4.4,73
2021-04-16 18:27:08,58-A0-23-DF-88-E7,14.116.137.22,60-EE-5C-D0-71-66,192.168.1.104,97
2021-04-16 18:27:08,58-A0-23-DF-88-E7,8.8.4.4,60-EE-5C-D0-71-66,192.168.1.104,158
2021-04-16 18:27:08,58-A0-23-DF-88-E7,8.8.8.8,60-EE-5C-D0-71-66,192.168.1.104,121
2021-04-16 18:27:08,58-A0-23-DF-88-E7,8.8.4.4,60-EE-5C-D0-71-66,192.168.1.104,121
2021-04-16 18:27:08,60-EE-5C-D0-71-66,192.168.1.104,58-A0-23-DF-88-E7,14.116.137.22,89
2021-04-16 18:27:08,FF-FF-FF-FF-FF-FF,192.168.1.108,48-89-E7-E9-4D-B4,192.168.1.255,92
2021-04-16 18:27:08,58-A0-23-DF-88-E7,14.116.137.22,60-EE-5C-D0-71-66,192.168.1.104,689
2021-04-16 18:27:08,60-EE-5C-D0-71-66,192.168.1.104,58-A0-23-DF-88-E7,14.116.137.22,89
2021-04-16 18:27:09,58-A0-23-DF-88-E7,14.116.137.22,60-EE-5C-D0-71-66,192.168.1.104,97
2021-04-16 18:27:09,60-EE-5C-D0-71-66,192.168.1.104,58-A0-23-DF-88-E7,14.116.137.22,89
2021-04-16 18:27:09,58-A0-23-DF-88-E7,14.116.137.22,60-EE-5C-D0-71-66,192.168.1.104,129
2021-04-16 18:27:09,58-A0-23-DF-88-E7,14.116.137.22,60-EE-5C-D0-71-66,192.168.1.104,689
2021-04-16 18:27:09,58-A0-23-DF-88-E7,14.116.137.22,60-EE-5C-D0-71-66,192.168.1.104,201
2021-04-16 18:27:09,60-EE-5C-D0-71-66,192.168.1.104,58-A0-23-DF-88-E7,14.116.137.22,97
2021-04-16 18:27:09,60-EE-5C-D0-71-66,192.168.1.104,58-A0-23-DF-88-E7,14.116.137.22,89
2021-04-16 18:27:09,58-A0-23-DF-88-E7,14.116.137.22,60-EE-5C-D0-71-66,192.168.1.104,97
2021-04-16 18:27:10,60-EE-5C-D0-71-66,192.168.1.104,58-A0-23-DF-88-E7,14.116.137.22,89
2021-04-16 18:27:10,58-A0-23-DF-88-E7,14.116.137.22,60-EE-5C-D0-71-66,192.168.1.104,689
2021-04-16 18:27:10,60-EE-5C-D0-71-66,192.168.1.104,58-A0-23-DF-88-E7,14.116.137.22,89
2021-04-16 18:27:10,58-A0-23-DF-88-E7,14.116.137.22,60-EE-5C-D0-71-66,192.168.1.104,97
2021-04-16 18:27:10,60-EE-5C-D0-71-66,192.168.1.104,58-A0-23-DF-88-E7,14.116.137.22,89
2021-04-16 18:27:10,58-A0-23-DF-88-E7,14.116.137.22,60-EE-5C-D0-71-66,192.168.1.104,689
2021-04-16 18:27:10,60-EE-5C-D0-71-66,192.168.1.104,58-A0-23-DF-88-E7,14.116.137.22,89
2021-04-16 18:27:10,58-A0-23-DF-88-E7,14.116.137.22,60-EE-5C-D0-71-66,192.168.1.104,97
2021-04-16 18:27:11,60-EE-5C-D0-71-66,192.168.1.104,58-A0-23-DF-88-E7,14.116.137.22,89
2021-04-16 18:27:11,58-A0-23-DF-88-E7,14.116.137.22,60-EE-5C-D0-71-66,192.168.1.104,689
2021-04-16 18:27:11,60-EE-5C-D0-71-66,192.168.1.104,58-A0-23-DF-88-E7,14.116.137.22,81
2021-04-16 18:27:11,60-EE-5C-D0-71-66,192.168.1.104,58-A0-23-DF-88-E7,14.116.137.22,89
2021-04-16 18:27:11,58-A0-23-DF-88-E7,14.116.137.22,60-EE-5C-D0-71-66,192.168.1.104,97
2021-04-16 18:27:11,58-A0-23-DF-88-E7,14.116.137.22,60-EE-5C-D0-71-66,192.168.1.104,89
2021-04-16 18:27:11,60-EE-5C-D0-71-66,192.168.1.104,58-A0-23-DF-88-E7,14.116.137.22,89
2021-04-16 18:27:11,58-A0-23-DF-88-E7,14.116.137.22,60-EE-5C-D0-71-66,192.168.1.104,129
2021-04-16 18:27:11,58-A0-23-DF-88-E7,14.116.137.22,60-EE-5C-D0-71-66,192.168.1.104,689
2021-04-16 18:27:11,60-EE-5C-D0-71-66,192.168.1.104,58-A0-23-DF-88-E7,14.116.137.22,89
2021-04-16 18:27:11,58-A0-23-DF-88-E7,14.116.137.22,60-EE-5C-D0-71-66,192.168.1.104,97
2021-04-16 18:27:12,60-EE-5C-D0-71-66,192.168.1.104,58-A0-23-DF-88-E7,14.116.137.22,89
2021-04-16 18:27:12,58-A0-23-DF-88-E7,14.116.137.22,60-EE-5C-D0-71-66,192.168.1.104,689
2021-04-16 18:27:12,60-EE-5C-D0-71-66,192.168.1.104,58-A0-23-DF-88-E7,14.116.137.22,89
2021-04-16 18:27:12,58-A0-23-DF-88-E7,14.116.137.22,60-EE-5C-D0-71-66,192.168.1.104,97
2021-04-16 18:27:12,58-A0-23-DF-88-E7,14.116.137.22,60-EE-5C-D0-71-66,192.168.1.104,129
2021-04-16 18:27:12,60-EE-5C-D0-71-66,192.168.1.104,58-A0-23-DF-88-E7,14.116.137.22,89
2021-04-16 18:27:13,58-A0-23-DF-88-E7,14.116.137.22,60-EE-5C-D0-71-66,192.168.1.104,689
2021-04-16 18:27:13,60-EE-5C-D0-71-66,192.168.1.104,58-A0-23-DF-88-E7,14.116.137.22,89
2021-04-16 18:27:13,58-A0-23-DF-88-E7,14.116.137.22,60-EE-5C-D0-71-66,192.168.1.104,97
2021-04-16 18:27:13,60-EE-5C-D0-71-66,192.168.1.104,58-A0-23-DF-88-E7,14.116.137.22,209
2021-04-16 18:27:13,58-A0-23-DF-88-E7,14.116.137.22,60-EE-5C-D0-71-66,192.168.1.104,129
2021-04-16 18:27:13,58-A0-23-DF-88-E7,14.116.137.22,60-EE-5C-D0-71-66,192.168.1.104,201
2021-04-16 18:27:13,60-EE-5C-D0-71-66,192.168.1.104,58-A0-23-DF-88-E7,14.116.137.22,97
2021-04-16 18:27:13,60-EE-5C-D0-71-66,192.168.1.104,58-A0-23-DF-88-E7,14.116.137.22,89
2021-04-16 18:27:13,58-A0-23-DF-88-E7,14.116.137.22,60-EE-5C-D0-71-66,192.168.1.104,689
2021-04-16 18:27:13,60-EE-5C-D0-71-66,192.168.1.104,58-A0-23-DF-88-E7,14.116.137.22,89
2021-04-16 18:27:13,58-A0-23-DF-88-E7,14.116.137.22,60-EE-5C-D0-71-66,192.168.1.104,97
2021-04-16 18:27:14,60-EE-5C-D0-71-66,192.168.1.104,58-A0-23-DF-88-E7,14.116.137.22,89
2021-04-16 18:27:14,58-A0-23-DF-88-E7,14.116.137.22,60-EE-5C-D0-71-66,192.168.1.104,689
2021-04-16 18:27:14,60-EE-5C-D0-71-66,192.168.1.104,58-A0-23-DF-88-E7,14.116.137.22,89
2021-04-16 18:27:14,58-A0-23-DF-88-E7,14.116.137.22,60-EE-5C-D0-71-66,192.168.1.104,97
2021-04-16 18:27:14,60-EE-5C-D0-71-66,192.168.1.104,58-A0-23-DF-88-E7,14.116.137.22,89
2021-04-16 18:27:14,58-A0-23-DF-88-E7,14.116.137.22,60-EE-5C-D0-71-66,192.168.1.104,689
2021-04-16 18:27:14,60-EE-5C-D0-71-66,192.168.1.104,58-A0-23-DF-88-E7,14.116.137.22,89
2021-04-16 18:27:14,58-A0-23-DF-88-E7,14.116.137.22,60-EE-5C-D0-71-66,192.168.1.104,97
2021-04-16 18:27:15,60-EE-5C-D0-71-66,192.168.1.104,58-A0-23-DF-88-E7,14.116.137.22,89
2021-04-16 18:27:15,58-A0-23-DF-88-E7,14.116.137.22,60-EE-5C-D0-71-66,192.168.1.104,129
2021-04-16 18:27:15,58-A0-23-DF-88-E7,14.116.137.22,60-EE-5C-D0-71-66,192.168.1.104,689
2021-04-16 18:27:15,60-EE-5C-D0-71-66,192.168.1.104,58-A0-23-DF-88-E7,14.116.137.22,89
2021-04-16 18:27:15,58-A0-23-DF-88-E7,14.116.137.22,60-EE-5C-D0-71-66,192.168.1.104,97
2021-04-16 18:27:15,FF-FF-FF-FF-FF-FF,192.168.1.108,48-89-E7-E9-4D-B4,192.168.1.255,92
2021-04-16 18:27:15,60-EE-5C-D0-71-66,192.168.1.104,58-A0-23-DF-88-E7,14.116.137.22,89
2021-04-16 18:27:15,58-A0-23-DF-88-E7,14.116.137.22,60-EE-5C-D0-71-66,192.168.1.104,689
2021-04-16 18:27:15,60-EE-5C-D0-71-66,192.168.1.104,58-A0-23-DF-88-E7,14.116.137.22,89
2021-04-16 18:27:15,58-A0-23-DF-88-E7,14.116.137.22,60-EE-5C-D0-71-66,192.168.1.104,97
2021-04-16 18:27:16,60-EE-5C-D0-71-66,192.168.1.104,58-A0-23-DF-88-E7,8.8.8.8,86
2021-04-16 18:27:16,58-A0-23-DF-88-E7,8.8.8.8,60-EE-5C-D0-71-66,192.168.1.104,206
2021-04-16 18:27:16,60-EE-5C-D0-71-66,192.168.1.104,58-A0-23-DF-88-E7,14.116.137.22,89
2021-04-16 18:27:16,FF-FF-FF-FF-FF-FF,192.168.1.108,48-89-E7-E9-4D-B4,192.168.1.255,92
2021-04-16 18:27:16,60-EE-5C-D0-71-66,192.168.1.104,58-A0-23-DF-88-E7,14.116.137.22,209
2021-04-16 18:27:16,58-A0-23-DF-88-E7,14.116.137.22,60-EE-5C-D0-71-66,192.168.1.104,689
2021-04-16 18:27:16,60-EE-5C-D0-71-66,192.168.1.104,58-A0-23-DF-88-E7,14.116.137.22,89
2021-04-16 18:27:16,58-A0-23-DF-88-E7,14.116.137.22,60-EE-5C-D0-71-66,192.168.1.104,97
2021-04-16 18:27:17,60-EE-5C-D0-71-66,192.168.1.104,58-A0-23-DF-88-E7,14.116.137.22,89
2021-04-16 18:27:17,58-A0-23-DF-88-E7,14.116.137.22,60-EE-5C-D0-71-66,192.168.1.104,689
2021-04-16 18:27:17,60-EE-5C-D0-71-66,192.168.1.104,58-A0-23-DF-88-E7,14.116.137.22,81
2021-04-16 18:27:17,60-EE-5C-D0-71-66,192.168.1.104,58-A0-23-DF-88-E7,14.116.137.22,89
2021-04-16 18:27:17,FF-FF-FF-FF-FF-FF,192.168.1.108,48-89-E7-E9-4D-B4,192.168.1.255,92
2021-04-16 18:27:17,58-A0-23-DF-88-E7,14.116.137.22,60-EE-5C-D0-71-66,192.168.1.104,97
2021-04-16 18:27:17,58-A0-23-DF-88-E7,14.116.137.22,60-EE-5C-D0-71-66,192.168.1.104,89
2021-04-16 18:27:17,60-EE-5C-D0-71-66,192.168.1.104,58-A0-23-DF-88-E7,14.116.137.22,89
2021-04-16 18:27:17,58-A0-23-DF-88-E7,14.116.137.22,60-EE-5C-D0-71-66,192.168.1.104,689
2021-04-16 18:27:17,60-EE-5C-D0-71-66,192.168.1.104,58-A0-23-DF-88-E7,14.116.137.22,89
2021-04-16 18:27:17,58-A0-23-DF-88-E7,14.116.137.22,60-EE-5C-D0-71-66,192.168.1.104,97
2021-04-16 18:27:18,60-EE-5C-D0-71-66,192.168.1.104,58-A0-23-DF-88-E7,14.116.137.22,89
2021-04-16 18:27:18,58-A0-23-DF-88-E7,14.116.137.22,60-EE-5C-D0-71-66,192.168.1.104,417
2021-04-16 18:27:18,58-A0-23-DF-88-E7,14.116.137.22,60-EE-5C-D0-71-66,192.168.1.104,689
2021-04-16 18:27:18,60-EE-5C-D0-71-66,192.168.1.104,58-A0-23-DF-88-E7,14.116.137.22,97
2021-04-16 18:27:18,60-EE-5C-D0-71-66,192.168.1.104,58-A0-23-DF-88-E7,14.116.137.22,89
2021-04-16 18:27:18,58-A0-23-DF-88-E7,14.116.137.22,60-EE-5C-D0-71-66,192.168.1.104,97
2021-04-16 18:27:18,58-A0-23-DF-88-E7,14.116.137.22,60-EE-5C-D0-71-66,192.168.1.104,377
2021-04-16 18:27:18,60-EE-5C-D0-71-66,192.168.1.104,58-A0-23-DF-88-E7,14.116.137.22,97
2021-04-16 18:27:18,58-A0-23-DF-88-E7,14.116.137.22,60-EE-5C-D0-71-66,192.168.1.104,369
2021-04-16 18:27:18,60-EE-5C-D0-71-66,192.168.1.104,58-A0-23-DF-88-E7,14.116.137.22,97
2021-04-16 18:27:18,60-EE-5C-D0-71-66,192.168.1.104,58-A0-23-DF-88-E7,14.116.137.22,89
2021-04-16 18:27:18,60-EE-5C-D0-71-66,192.168.1.104,58-A0-23-DF-88-E7,14.116.137.22,89
2021-04-16 18:27:18,58-A0-23-DF-88-E7,14.116.137.22,60-EE-5C-D0-71-66,192.168.1.104,873
2021-04-16 18:27:18,60-EE-5C-D0-71-66,192.168.1.104,58-A0-23-DF-88-E7,14.116.137.22,89
2021-04-16 18:27:18,58-A0-23-DF-88-E7,14.116.137.22,60-EE-5C-D0-71-66,192.168.1.104,689
2021-04-16 18:27:18,58-A0-23-DF-88-E7,14.116.137.22,60-EE-5C-D0-71-66,192.168.1.104,97
2021-04-16 18:27:18,60-EE-5C-D0-71-66,192.168.1.104,58-A0-23-DF-88-E7,14.116.137.22,89
2021-04-16 18:27:18,58-A0-23-DF-88-E7,14.116.137.22,60-EE-5C-D0-71-66,192.168.1.104,97
2021-04-16 18:27:19,60-EE-5C-D0-71-66,192.168.1.104,58-A0-23-DF-88-E7,14.116.137.22,81
2021-04-16 18:27:19,58-A0-23-DF-88-E7,14.116.137.22,60-EE-5C-D0-71-66,192.168.1.104,89
2021-04-16 18:27:19,60-EE-5C-D0-71-66,192.168.1.104,58-A0-23-DF-88-E7,14.116.137.22,89
2021-04-16 18:27:19,58-A0-23-DF-88-E7,14.116.137.22,60-EE-5C-D0-71-66,192.168.1.104,689
2021-04-16 18:27:19,60-EE-5C-D0-71-66,192.168.1.104,58-A0-23-DF-88-E7,14.116.137.22,89
2021-04-16 18:27:19,60-EE-5C-D0-71-66,192.168.1.104,58-A0-23-DF-88-E7,14.116.137.22,89
2021-04-16 18:27:19,58-A0-23-DF-88-E7,14.116.137.22,60-EE-5C-D0-71-66,192.168.1.104,97
2021-04-16 18:27:19,58-A0-23-DF-88-E7,14.116.137.22,60-EE-5C-D0-71-66,192.168.1.104,689
2021-04-16 18:27:19,60-EE-5C-D0-71-66,192.168.1.104,58-A0-23-DF-88-E7,14.116.137.22,89
2021-04-16 18:27:19,58-A0-23-DF-88-E7,14.116.137.22,60-EE-5C-D0-71-66,192.168.1.104,97
2021-04-16 18:27:19,60-EE-5C-D0-71-66,192.168.1.104,58-A0-23-DF-88-E7,14.116.137.22,89
2021-04-16 18:27:19,60-EE-5C-D0-71-66,192.168.1.104,58-A0-23-DF-88-E7,14.116.137.22,89
2021-04-16 18:27:19,FF-FF-FF-FF-FF-FF,192.168.1.100,58-A0-23-A5-CD-96,192.168.1.255,243
2021-04-16 18:27:20,58-A0-23-DF-88-E7,14.116.137.22,60-EE-5C-D0-71-66,192.168.1.104,129
2021-04-16 18:27:20,58-A0-23-DF-88-E7,14.116.137.22,60-EE-5C-D0-71-66,192.168.1.104,689
2021-04-16 18:27:20,58-A0-23-DF-88-E7,14.116.137.22,60-EE-5C-D0-71-66,192.168.1.104,689
2021-04-16 18:27:20,60-EE-5C-D0-71-66,192.168.1.104,58-A0-23-DF-88-E7,14.116.137.22,89
2021-04-16 18:27:20,58-A0-23-DF-88-E7,14.116.137.22,60-EE-5C-D0-71-66,192.168.1.104,97
2021-04-16 18:27:20,58-A0-23-DF-88-E7,14.116.137.22,60-EE-5C-D0-71-66,192.168.1.104,129
2021-04-16 18:27:20,60-EE-5C-D0-71-66,192.168.1.104,58-A0-23-DF-88-E7,14.116.137.22,89
2021-04-16 18:27:20,58-A0-23-DF-88-E7,14.116.137.22,60-EE-5C-D0-71-66,192.168.1.104,97
2021-04-16 18:27:20,60-EE-5C-D0-71-66,192.168.1.104,58-A0-23-DF-88-E7,14.116.137.22,89
2021-04-16 18:27:20,60-EE-5C-D0-71-66,192.168.1.104,58-A0-23-DF-88-E7,14.116.137.22,89
2021-04-16 18:27:20,58-A0-23-DF-88-E7,14.116.137.22,60-EE-5C-D0-71-66,192.168.1.104,689
2021-04-16 18:27:20,58-A0-23-DF-88-E7,14.116.137.22,60-EE-5C-D0-71-66,192.168.1.104,689
2021-04-16 18:27:20,58-A0-23-DF-88-E7,14.116.137.22,60-EE-5C-D0-71-66,192.168.1.104,385
2021-04-16 18:27:20,60-EE-5C-D0-71-66,192.168.1.104,58-A0-23-DF-88-E7,14.116.137.22,97
2021-04-16 18:27:20,60-EE-5C-D0-71-66,192.168.1.104,58-A0-23-DF-88-E7,14.116.137.22,81
2021-04-16 18:27:20,60-EE-5C-D0-71-66,192.168.1.104,58-A0-23-DF-88-E7,14.116.137.22,89
2021-04-16 18:27:20,FF-FF-FF-FF-FF-FF,192.168.1.108,48-89-E7-E9-4D-B4,192.168.1.255,92
2021-04-16 18:27:21,58-A0-23-DF-88-E7,14.116.137.22,60-EE-5C-D0-71-66,192.168.1.104,89
2021-04-16 18:27:21,58-A0-23-DF-88-E7,14.116.137.22,60-EE-5C-D0-71-66,192.168.1.104,97
2021-04-16 18:27:21,60-EE-5C-D0-71-66,192.168.1.104,58-A0-23-DF-88-E7,14.116.137.22,89
2021-04-16 18:27:21,58-A0-23-DF-88-E7,14.116.137.22,60-EE-5C-D0-71-66,192.168.1.104,97
2021-04-16 18:27:21,60-EE-5C-D0-71-66,192.168.1.104,58-A0-23-DF-88-E7,14.116.137.22,89
2021-04-16 18:27:21,60-EE-5C-D0-71-66,192.168.1.104,58-A0-23-DF-88-E7,14.116.137.22,89
2021-04-16 18:27:21,58-A0-23-DF-88-E7,14.116.137.22,60-EE-5C-D0-71-66,192.168.1.104,689
2021-04-16 18:27:21,58-A0-23-DF-88-E7,14.116.137.22,60-EE-5C-D0-71-66,192.168.1.104,689
2021-04-16 18:27:21,60-EE-5C-D0-71-66,192.168.1.104,58-A0-23-DF-88-E7,14.116.137.22,89
2021-04-16 18:27:21,60-EE-5C-D0-71-66,192.168.1.104,58-A0-23-DF-88-E7,14.116.137.22,209
2021-04-16 18:27:21,58-A0-23-DF-88-E7,14.116.137.22,60-EE-5C-D0-71-66,192.168.1.104,97
2021-04-16 18:27:21,60-EE-5C-D0-71-66,192.168.1.104,58-A0-23-DF-88-E7,14.116.137.22,89
2021-04-16 18:27:21,FF-FF-FF-FF-FF-FF,192.168.1.108,48-89-E7-E9-4D-B4,192.168.1.255,92
2021-04-16 18:27:21,58-A0-23-DF-88-E7,14.116.137.22,60-EE-5C-D0-71-66,192.168.1.104,97
2021-04-16 18:27:21,60-EE-5C-D0-71-66,192.168.1.104,58-A0-23-DF-88-E7,14.116.137.22,89
2021-04-16 18:27:21,60-EE-5C-D0-71-66,192.168.1.104,58-A0-23-DF-88-E7,14.116.137.22,89
2021-04-16 18:27:21,58-A0-23-DF-88-E7,14.116.137.22,60-EE-5C-D0-71-66,192.168.1.104,641
2021-04-16 18:27:21,58-A0-23-DF-88-E7,14.116.137.22,60-EE-5C-D0-71-66,192.168.1.104,689
2021-04-16 18:27:21,60-EE-5C-D0-71-66,192.168.1.104,58-A0-23-DF-88-E7,14.116.137.22,89
2021-04-16 18:27:21,58-A0-23-DF-88-E7,14.116.137.22,60-EE-5C-D0-71-66,192.168.1.104,97
2021-04-16 18:27:21,60-EE-5C-D0-71-66,192.168.1.104,58-A0-23-DF-88-E7,14.116.137.22,89
2021-04-16 18:27:22,58-A0-23-DF-88-E7,14.116.137.22,60-EE-5C-D0-71-66,192.168.1.104,97
2021-04-16 18:27:22,58-A0-23-DF-88-E7,14.116.137.22,60-EE-5C-D0-71-66,192.168.1.104,129
2021-04-16 18:27:22,FF-FF-FF-FF-FF-FF,192.168.1.108,48-89-E7-E9-4D-B4,192.168.1.255,92
2021-04-16 18:27:22,60-EE-5C-D0-71-66,192.168.1.104,58-A0-23-DF-88-E7,14.116.137.22,89
2021-04-16 18:27:22,58-A0-23-DF-88-E7,14.116.137.22,60-EE-5C-D0-71-66,192.168.1.104,217
2021-04-16 18:27:22,60-EE-5C-D0-71-66,192.168.1.104,58-A0-23-DF-88-E7,14.116.137.22,89
2021-04-16 18:27:22,58-A0-23-DF-88-E7,14.116.137.22,60-EE-5C-D0-71-66,192.168.1.104,97
2021-04-16 18:27:23,58-A0-23-DF-88-E7,14.116.137.22,60-EE-5C-D0-71-66,192.168.1.104,393
2021-04-16 18:27:23,60-EE-5C-D0-71-66,192.168.1.104,58-A0-23-DF-88-E7,14.116.137.22,97
2021-04-16 18:27:24,58-A0-23-DF-88-E7,14.116.137.22,60-EE-5C-D0-71-66,192.168.1.104,377
2021-04-16 18:27:24,60-EE-5C-D0-71-66,192.168.1.104,58-A0-23-DF-88-E7,14.116.137.22,97
2021-04-16 18:27:25,58-A0-23-DF-88-E7,14.116.137.22,60-EE-5C-D0-71-66,192.168.1.104,345
2021-04-16 18:27:25,60-EE-5C-D0-71-66,192.168.1.104,58-A0-23-DF-88-E7,14.116.137.22,97
2021-04-16 18:27:27,FF-FF-FF-FF-FF-FF,192.168.1.100,58-A0-23-A5-CD-96,192.168.1.255,82
2021-04-16 18:27:28,60-EE-5C-D0-71-66,192.168.1.104,58-A0-23-DF-88-E7,14.116.137.22,209
2021-04-16 18:27:28,58-A0-23-DF-88-E7,14.116.137.22,60-EE-5C-D0-71-66,192.168.1.104,105
2021-04-16 18:27:28,60-EE-5C-D0-71-66,192.168.1.104,58-A0-23-DF-88-E7,14.116.137.22,209
2021-04-16 18:27:31,60-EE-5C-D0-71-66,192.168.1.104,58-A0-23-DF-88-E7,14.116.137.22,209
2021-04-16 18:27:32,58-A0-23-DF-88-E7,14.116.137.22,60-EE-5C-D0-71-66,192.168.1.104,129
2021-04-16 18:27:33,58-A0-23-DF-88-E7,14.116.137.22,60-EE-5C-D0-71-66,192.168.1.104,361
2021-04-16 18:27:33,60-EE-5C-D0-71-66,192.168.1.104,58-A0-23-DF-88-E7,14.116.137.22,97
2021-04-16 18:27:33,60-EE-5C-D0-71-66,192.168.1.104,58-A0-23-DF-88-E7,14.116.137.22,129
2021-04-16 18:27:33,60-EE-5C-D0-71-66,192.168.1.104,58-A0-23-DF-88-E7,14.116.137.22,81
2021-04-16 18:27:33,60-EE-5C-D0-71-66,192.168.1.104,58-A0-23-DF-88-E7,14.116.137.22,145
2021-04-16 18:27:33,60-EE-5C-D0-71-66,192.168.1.104,58-A0-23-DF-88-E7,14.116.137.22,89
2021-04-16 18:27:33,60-EE-5C-D0-71-66,192.168.1.104,58-A0-23-DF-88-E7,14.116.137.22,81
2021-04-16 18:27:33,60-EE-5C-D0-71-66,192.168.1.104,58-A0-23-DF-88-E7,14.116.137.22,81
2021-04-16 18:27:33,58-A0-23-DF-88-E7,14.116.137.22,60-EE-5C-D0-71-66,192.168.1.104,105
2021-04-16 18:27:33,60-EE-5C-D0-71-66,192.168.1.104,58-A0-23-DF-88-E7,14.116.137.22,145
2021-04-16 18:27:33,60-EE-5C-D0-71-66,192.168.1.104,58-A0-23-DF-88-E7,14.116.137.22,881
2021-04-16 18:27:33,60-EE-5C-D0-71-66,192.168.1.104,58-A0-23-DF-88-E7,14.116.137.22,449
2021-04-16 18:27:33,58-A0-23-DF-88-E7,14.116.137.22,60-EE-5C-D0-71-66,192.168.1.104,185
2021-04-16 18:27:33,58-A0-23-DF-88-E7,14.116.137.22,60-EE-5C-D0-71-66,192.168.1.104,89
2021-04-16 18:27:33,58-A0-23-DF-88-E7,14.116.137.22,60-EE-5C-D0-71-66,192.168.1.104,73
2021-04-16 18:27:33,58-A0-23-DF-88-E7,14.116.137.22,60-EE-5C-D0-71-66,192.168.1.104,89
2021-04-16 18:27:33,58-A0-23-DF-88-E7,14.116.137.22,60-EE-5C-D0-71-66,192.168.1.104,161
2021-04-16 18:27:33,58-A0-23-DF-88-E7,14.116.137.22,60-EE-5C-D0-71-66,192.168.1.104,433
2021-04-16 18:27:33,58-A0-23-DF-88-E7,14.116.137.22,60-EE-5C-D0-71-66,192.168.1.104,785
2021-04-16 18:27:33,58-A0-23-DF-88-E7,14.116.137.22,60-EE-5C-D0-71-66,192.168.1.104,817
2021-04-16 18:27:33,60-EE-5C-D0-71-66,192.168.1.104,58-A0-23-DF-88-E7,14.116.137.22,193
2021-04-16 18:27:33,60-EE-5C-D0-71-66,192.168.1.104,58-A0-23-DF-88-E7,14.116.137.22,201
2021-04-16 18:27:33,60-EE-5C-D0-71-66,192.168.1.104,58-A0-23-DF-88-E7,14.116.137.22,193
2021-04-16 18:27:33,58-A0-23-DF-88-E7,14.116.137.22,60-EE-5C-D0-71-66,192.168.1.104,249
2021-04-16 18:27:33,58-A0-23-DF-88-E7,14.116.137.22,60-EE-5C-D0-71-66,192.168.1.104,753
2021-04-16 18:27:33,58-A0-23-DF-88-E7,14.116.137.22,60-EE-5C-D0-71-66,192.168.1.104,545
2021-04-16 18:27:33,60-EE-5C-D0-71-66,192.168.1.104,58-A0-23-DF-88-E7,14.116.137.22,121
2021-04-16 18:27:33,60-EE-5C-D0-71-66,192.168.1.104,58-A0-23-DF-88-E7,14.116.137.22,121
2021-04-16 18:27:33,60-EE-5C-D0-71-66,192.168.1.104,58-A0-23-DF-88-E7,14.116.137.22,121
2021-04-16 18:27:33,60-EE-5C-D0-71-66,192.168.1.104,58-A0-23-DF-88-E7,14.116.137.22,121
2021-04-16 18:27:34,58-A0-23-DF-88-E7,14.116.137.22,60-EE-5C-D0-71-66,192.168.1.104,257
2021-04-16 18:27:34,58-A0-23-DF-88-E7,14.116.137.22,60-EE-5C-D0-71-66,192.168.1.104,273
2021-04-16 18:27:34,58-A0-23-DF-88-E7,14.116.137.22,60-EE-5C-D0-71-66,192.168.1.104,257
2021-04-16 18:27:34,58-A0-23-DF-88-E7,14.116.137.22,60-EE-5C-D0-71-66,192.168.1.104,273
2021-04-16 18:27:34,60-EE-5C-D0-71-66,192.168.1.104,58-A0-23-DF-88-E7,8.8.8.8,69
2021-04-16 18:27:34,60-EE-5C-D0-71-66,192.168.1.104,58-A0-23-DF-88-E7,14.116.137.22,705
2021-04-16 18:27:34,58-A0-23-DF-88-E7,14.116.137.22,60-EE-5C-D0-71-66,192.168.1.104,105
2021-04-16 18:27:34,60-EE-5C-D0-71-66,192.168.1.104,58-A0-23-DF-88-E7,14.116.137.22,417
2021-04-16 18:27:34,58-A0-23-DF-88-E7,14.116.137.22,60-EE-5C-D0-71-66,192.168.1.104,105
2021-04-16 18:27:34,60-EE-5C-D0-71-66,192.168.1.104,58-A0-23-DF-88-E7,8.8.4.4,69
2021-04-16 18:27:34,60-EE-5C-D0-71-66,192.168.1.104,58-A0-23-DF-88-E7,14.116.137.22,481
2021-04-16 18:27:34,58-A0-23-DF-88-E7,8.8.8.8,60-EE-5C-D0-71-66,192.168.1.104,326
2021-04-16 18:27:34,60-EE-5C-D0-71-66,192.168.1.104,58-A0-23-DF-88-E7,14.116.137.22,761
2021-04-16 18:27:34,60-EE-5C-D0-71-66,192.168.1.104,58-A0-23-DF-88-E7,14.116.137.22,225
2021-04-16 18:27:34,58-A0-23-DF-88-E7,14.116.137.22,60-EE-5C-D0-71-66,192.168.1.104,105
2021-04-16 18:27:34,60-EE-5C-D0-71-66,192.168.1.104,58-A0-23-DF-88-E7,14.116.137.22,201
2021-04-16 18:27:34,58-A0-23-DF-88-E7,14.116.137.22,60-EE-5C-D0-71-66,192.168.1.104,913
2021-04-16 18:27:34,58-A0-23-DF-88-E7,14.116.137.22,60-EE-5C-D0-71-66,192.168.1.104,105
2021-04-16 18:27:34,58-A0-23-DF-88-E7,14.116.137.22,60-EE-5C-D0-71-66,192.168.1.104,721
2021-04-16 18:27:34,58-A0-23-DF-88-E7,8.8.4.4,60-EE-5C-D0-71-66,192.168.1.104,326
2021-04-16 18:27:34,60-EE-5C-D0-71-66,192.168.1.104,58-A0-23-DF-88-E7,14.116.137.22,193
2021-04-16 18:27:34,60-EE-5C-D0-71-66,192.168.1.104,58-A0-23-DF-88-E7,14.116.137.22,81
2021-04-16 18:27:34,60-EE-5C-D0-71-66,192.168.1.104,58-A0-23-DF-88-E7,14.116.137.22,193
2021-04-16 18:27:34,60-EE-5C-D0-71-66,192.168.1.104,58-A0-23-DF-88-E7,14.116.137.22,81
2021-04-16 18:27:34,60-EE-5C-D0-71-66,192.168.1.104,58-A0-23-DF-88-E7,14.116.137.22,193
2021-04-16 18:27:34,60-EE-5C-D0-71-66,192.168.1.104,58-A0-23-DF-88-E7,14.116.137.22,81
2021-04-16 18:27:34,60-EE-5C-D0-71-66,192.168.1.104,58-A0-23-DF-88-E7,14.116.137.22,193
2021-04-16 18:27:34,60-EE-5C-D0-71-66,192.168.1.104,58-A0-23-DF-88-E7,14.116.137.22,81
2021-04-16 18:27:34,60-EE-5C-D0-71-66,192.168.1.104,58-A0-23-DF-88-E7,14.116.137.22,193
2021-04-16 18:27:34,60-EE-5C-D0-71-66,192.168.1.104,58-A0-23-DF-88-E7,14.116.137.22,81
2021-04-16 18:27:34,60-EE-5C-D0-71-66,192.168.1.104,58-A0-23-DF-88-E7,14.116.137.22,193
2021-04-16 18:27:34,60-EE-5C-D0-71-66,192.168.1.104,58-A0-23-DF-88-E7,14.116.137.22,81
2021-04-16 18:27:34,60-EE-5C-D0-71-66,192.168.1.104,58-A0-23-DF-88-E7,14.116.137.22,193
2021-04-16 18:27:34,60-EE-5C-D0-71-66,192.168.1.104,58-A0-23-DF-88-E7,14.116.137.22,81
2021-04-16 18:27:34,58-A0-23-DF-88-E7,14.116.137.22,60-EE-5C-D0-71-66,192.168.1.104,97
2021-04-16 18:27:34,58-A0-23-DF-88-E7,14.116.137.22,60-EE-5C-D0-71-66,192.168.1.104,369
2021-04-16 18:27:34,58-A0-23-DF-88-E7,14.116.137.22,60-EE-5C-D0-71-66,192.168.1.104,97
2021-04-16 18:27:34,58-A0-23-DF-88-E7,14.116.137.22,60-EE-5C-D0-71-66,192.168.1.104,97
2021-04-16 18:27:34,58-A0-23-DF-88-E7,14.116.137.22,60-EE-5C-D0-71-66,192.168.1.104,97
2021-04-16 18:27:34,58-A0-23-DF-88-E7,14.116.137.22,60-EE-5C-D0-71-66,192.168.1.104,545
2021-04-16 18:27:34,58-A0-23-DF-88-E7,14.116.137.22,60-EE-5C-D0-71-66,192.168.1.104,369
2021-04-16 18:27:34,58-A0-23-DF-88-E7,14.116.137.22,60-EE-5C-D0-71-66,192.168.1.104,369
2021-04-16 18:27:34,58-A0-23-DF-88-E7,14.116.137.22,60-EE-5C-D0-71-66,192.168.1.104,97
2021-04-16 18:27:34,58-A0-23-DF-88-E7,14.116.137.22,60-EE-5C-D0-71-66,192.168.1.104,377
2021-04-16 18:27:34,58-A0-23-DF-88-E7,14.116.137.22,60-EE-5C-D0-71-66,192.168.1.104,97
2021-04-16 18:27:34,58-A0-23-DF-88-E7,14.116.137.22,60-EE-5C-D0-71-66,192.168.1.104,97
2021-04-16 18:27:34,58-A0-23-DF-88-E7,14.116.137.22,60-EE-5C-D0-71-66,192.168.1.104,393
2021-04-16 18:27:34,58-A0-23-DF-88-E7,14.116.137.22,60-EE-5C-D0-71-66,192.168.1.104,449
2021-04-16 18:27:34,60-EE-5C-D0-71-66,192.168.1.104,58-A0-23-DF-88-E7,14.116.137.22,89
2021-04-16 18:27:34,60-EE-5C-D0-71-66,192.168.1.104,58-A0-23-DF-88-E7,14.116.137.22,89
2021-04-16 18:27:34,60-EE-5C-D0-71-66,192.168.1.104,58-A0-23-DF-88-E7,14.116.137.22,89
2021-04-16 18:27:34,60-EE-5C-D0-71-66,192.168.1.104,58-A0-23-DF-88-E7,14.116.137.22,89
2021-04-16 18:27:34,60-EE-5C-D0-71-66,192.168.1.104,58-A0-23-DF-88-E7,14.116.137.22,89
2021-04-16 18:27:34,60-EE-5C-D0-71-66,192.168.1.104,58-A0-23-DF-88-E7,14.116.137.22,89
2021-04-16 18:27:34,60-EE-5C-D0-71-66,192.168.1.104,58-A0-23-DF-88-E7,14.116.137.22,89
2021-04-16 18:27:34,58-A0-23-DF-88-E7,14.116.137.22,60-EE-5C-D0-71-66,192.168.1.104,225
2021-04-16 18:27:34,60-EE-5C-D0-71-66,192.168.1.104,58-A0-23-DF-88-E7,14.116.137.22,425
2021-04-16 18:27:34,58-A0-23-DF-88-E7,14.116.137.22,60-EE-5C-D0-71-66,192.168.1.104,225
2021-04-16 18:27:34,58-A0-23-DF-88-E7,14.116.137.22,60-EE-5C-D0-71-66,192.168.1.104,201
2021-04-16 18:27:34,58-A0-23-DF-88-E7,14.116.137.22,60-EE-5C-D0-71-66,192.168.1.104,225
2021-04-16 18:27:34,60-EE-5C-D0-71-66,192.168.1.104,58-A0-23-DF-88-E7,8.8.8.8,74
2021-04-16 18:27:34,58-A0-23-DF-88-E7,14.116.137.22,60-EE-5C-D0-71-66,192.168.1.104,225
2021-04-16 18:27:34,58-A0-23-DF-88-E7,14.116.137.22,60-EE-5C-D0-71-66,192.168.1.104,185
2021-04-16 18:27:34,58-A0-23-DF-88-E7,14.116.137.22,60-EE-5C-D0-71-66,192.168.1.104,225
2021-04-16 18:27:34,58-A0-23-DF-88-E7,14.116.137.22,60-EE-5C-D0-71-66,192.168.1.104,105
2021-04-16 18:27:34,58-A0-23-DF-88-E7,192.168.1.105,76-7F-26-66-63-5F,224.0.0.251,130
2021-04-16 18:27:34,58-A0-23-DF-88-E7,8.8.8.8,60-EE-5C-D0-71-66,192.168.1.104,318
2021-04-16 18:27:34,60-EE-5C-D0-71-66,192.168.1.104,58-A0-23-DF-88-E7,14.116.137.22,225
2021-04-16 18:27:34,60-EE-5C-D0-71-66,192.168.1.104,58-A0-23-DF-88-E7,14.116.137.22,201
2021-04-16 18:27:34,58-A0-23-DF-88-E7,14.116.137.22,60-EE-5C-D0-71-66,192.168.1.104,913
2021-04-16 18:27:34,58-A0-23-DF-88-E7,14.116.137.22,60-EE-5C-D0-71-66,192.168.1.104,737
2021-04-16 18:27:34,60-EE-5C-D0-71-66,192.168.1.104,58-A0-23-DF-88-E7,14.116.137.22,225
2021-04-16 18:27:34,60-EE-5C-D0-71-66,192.168.1.104,58-A0-23-DF-88-E7,14.116.137.22,137
2021-04-16 18:27:34,60-EE-5C-D0-71-66,192.168.1.104,58-A0-23-DF-88-E7,8.8.8.8,74
2021-04-16 18:27:34,60-EE-5C-D0-71-66,192.168.1.104,58-A0-23-DF-88-E7,14.116.137.22,201
2021-04-16 18:27:34,58-A0-23-DF-88-E7,14.116.137.22,60-EE-5C-D0-71-66,192.168.1.104,913
2021-04-16 18:27:34,58-A0-23-DF-88-E7,14.116.137.22,60-EE-5C-D0-71-66,192.168.1.104,745
2021-04-16 18:27:34,58-A0-23-DF-88-E7,14.116.137.22,60-EE-5C-D0-71-66,192.168.1.104,329
2021-04-16 18:27:34,60-EE-5C-D0-71-66,192.168.1.104,58-A0-23-DF-88-E7,8.8.4.4,74
2021-04-16 18:27:34,60-EE-5C-D0-71-66,192.168.1.104,58-A0-23-DF-88-E7,14.116.137.22,241
2021-04-16 18:27:34,58-A0-23-DF-88-E7,14.116.137.22,60-EE-5C-D0-71-66,192.168.1.104,417
2021-04-16 18:27:34,58-A0-23-DF-88-E7,8.8.4.4,60-EE-5C-D0-71-66,192.168.1.104,90
2021-04-16 18:27:35,60-EE-5C-D0-71-66,192.168.1.104,58-A0-23-DF-88-E7,14.116.137.22,225
2021-04-16 18:27:35,60-EE-5C-D0-71-66,192.168.1.104,58-A0-23-DF-88-E7,14.116.137.22,201
2021-04-16 18:27:35,58-A0-23-DF-88-E7,14.116.137.22,60-EE-5C-D0-71-66,192.168.1.104,913
2021-04-16 18:27:35,58-A0-23-DF-88-E7,14.116.137.22,60-EE-5C-D0-71-66,192.168.1.104,769
2021-04-16 18:27:35,60-EE-5C-D0-71-66,192.168.1.104,58-A0-23-DF-88-E7,14.116.137.22,89
2021-04-16 18:27:35,58-A0-23-DF-88-E7,192.168.1.108,48-89-E7-E9-4D-B4,224.0.0.251,70
2021-04-16 18:27:35,58-A0-23-DF-88-E7,192.168.1.108,48-89-E7-E9-4D-B4,224.0.0.252,64
2021-04-16 18:27:35,60-EE-5C-D0-71-66,192.168.1.104,58-A0-23-DF-88-E7,14.116.137.22,225
2021-04-16 18:27:35,58-A0-23-DF-88-E7,14.116.137.22,60-EE-5C-D0-71-66,192.168.1.104,913
2021-04-16 18:27:35,60-EE-5C-D0-71-66,192.168.1.104,58-A0-23-DF-88-E7,14.116.137.22,201
2021-04-16 18:27:35,58-A0-23-DF-88-E7,14.116.137.22,60-EE-5C-D0-71-66,192.168.1.104,817
2021-04-16 18:27:35,FF-FF-FF-FF-FF-FF,192.168.1.108,48-89-E7-E9-4D-B4,192.168.1.255,92
2021-04-16 18:27:35,58-A0-23-DF-88-E7,192.168.1.105,76-7F-26-66-63-5F,224.0.0.251,130
2021-04-16 18:27:35,60-EE-5C-D0-71-66,192.168.1.104,58-A0-23-DF-88-E7,14.116.137.22,225
2021-04-16 18:27:35,58-A0-23-DF-88-E7,14.116.137.22,60-EE-5C-D0-71-66,192.168.1.104,913
2021-04-16 18:27:35,60-EE-5C-D0-71-66,192.168.1.104,58-A0-23-DF-88-E7,14.116.137.22,201
2021-04-16 18:27:35,58-A0-23-DF-88-E7,14.116.137.22,60-EE-5C-D0-71-66,192.168.1.104,753
2021-04-16 18:27:35,58-A0-23-DF-88-E7,192.168.1.108,48-89-E7-E9-4D-B4,224.0.0.252,64
2021-04-16 18:27:35,58-A0-23-DF-88-E7,8.8.8.8,60-EE-5C-D0-71-66,192.168.1.104,90
2021-04-16 18:27:35,60-EE-5C-D0-71-66,192.168.1.104,58-A0-23-DF-88-E7,14.116.137.22,225
2021-04-16 18:27:35,60-EE-5C-D0-71-66,192.168.1.104,58-A0-23-DF-88-E7,14.116.137.22,201
2021-04-16 18:27:35,58-A0-23-DF-88-E7,14.116.137.22,60-EE-5C-D0-71-66,192.168.1.104,913
2021-04-16 18:27:35,58-A0-23-DF-88-E7,14.116.137.22,60-EE-5C-D0-71-66,192.168.1.104,681
2021-04-16 18:27:36,FF-FF-FF-FF-FF-FF,192.168.1.108,48-89-E7-E9-4D-B4,192.168.1.255,92
2021-04-16 18:27:36,60-EE-5C-D0-71-66,192.168.1.104,58-A0-23-DF-88-E7,14.116.137.22,225
2021-04-16 18:27:36,58-A0-23-DF-88-E7,14.116.137.22,60-EE-5C-D0-71-66,192.168.1.104,913
2021-04-16 18:27:36,60-EE-5C-D0-71-66,192.168.1.104,58-A0-23-DF-88-E7,14.116.137.22,201
2021-04-16 18:27:36,58-A0-23-DF-88-E7,14.116.137.22,60-EE-5C-D0-71-66,192.168.1.104,889
2021-04-16 18:27:36,58-A0-23-DF-88-E7,192.168.1.108,48-89-E7-E9-4D-B4,224.0.0.251,70
2021-04-16 18:27:36,60-EE-5C-D0-71-66,192.168.1.104,58-A0-23-DF-88-E7,14.116.137.22,225
2021-04-16 18:27:36,60-EE-5C-D0-71-66,192.168.1.104,58-A0-23-DF-88-E7,14.116.137.22,201
2021-04-16 18:27:36,58-A0-23-DF-88-E7,14.116.137.22,60-EE-5C-D0-71-66,192.168.1.104,913
2021-04-16 18:27:36,58-A0-23-DF-88-E7,14.116.137.22,60-EE-5C-D0-71-66,192.168.1.104,753
2021-04-16 18:27:36,58-A0-23-DF-88-E7,14.116.137.22,60-EE-5C-D0-71-66,192.168.1.104,89
2021-04-16 18:27:36,60-EE-5C-D0-71-66,192.168.1.104,58-A0-23-DF-88-E7,14.116.137.22,121
2021-04-16 18:27:36,60-EE-5C-D0-71-66,192.168.1.104,58-A0-23-DF-88-E7,14.116.137.22,201
2021-04-16 18:27:36,58-A0-23-DF-88-E7,14.116.137.22,60-EE-5C-D0-71-66,192.168.1.104,313
2021-04-16 18:27:36,58-A0-23-DF-88-E7,14.116.137.22,60-EE-5C-D0-71-66,192.168.1.104,745
2021-04-16 18:27:36,60-EE-5C-D0-71-66,192.168.1.104,58-A0-23-DF-88-E7,14.116.137.22,209
2021-04-16 18:27:36,FF-FF-FF-FF-FF-FF,192.168.1.108,48-89-E7-E9-4D-B4,192.168.1.255,92
2021-04-16 18:27:36,60-EE-5C-D0-71-66,192.168.1.104,58-A0-23-DF-88-E7,14.116.137.22,121
2021-04-16 18:27:36,60-EE-5C-D0-71-66,192.168.1.104,58-A0-23-DF-88-E7,14.116.137.22,137
2021-04-16 18:27:37,58-A0-23-DF-88-E7,14.116.137.22,60-EE-5C-D0-71-66,192.168.1.104,289
2021-04-16 18:27:37,60-EE-5C-D0-71-66,192.168.1.104,58-A0-23-DF-88-E7,14.116.137.22,569
2021-04-16 18:27:37,58-A0-23-DF-88-E7,14.116.137.22,60-EE-5C-D0-71-66,192.168.1.104,473
2021-04-16 18:27:37,58-A0-23-DF-88-E7,14.116.137.22,60-EE-5C-D0-71-66,192.168.1.104,793
2021-04-16 18:27:37,60-EE-5C-D0-71-66,192.168.1.104,58-A0-23-DF-88-E7,8.8.8.8,73
2021-04-16 18:27:37,58-A0-23-DF-88-E7,8.8.8.8,60-EE-5C-D0-71-66,192.168.1.104,121
2021-04-16 18:27:37,60-EE-5C-D0-71-66,192.168.1.104,58-A0-23-DF-88-E7,8.8.8.8,72
2021-04-16 18:27:37,58-A0-23-DF-88-E7,8.8.8.8,60-EE-5C-D0-71-66,192.168.1.104,239
2021-04-16 18:27:37,60-EE-5C-D0-71-66,192.168.1.104,58-A0-23-DF-88-E7,8.8.8.8,73
2021-04-16 18:27:37,60-EE-5C-D0-71-66,192.168.1.104,58-A0-23-DF-88-E7,14.116.137.22,193
2021-04-16 18:27:37,60-EE-5C-D0-71-66,192.168.1.104,58-A0-23-DF-88-E7,14.116.137.22,81
2021-04-16 18:27:37,58-A0-23-DF-88-E7,8.8.8.8,60-EE-5C-D0-71-66,192.168.1.104,158
2021-04-16 18:27:37,60-EE-5C-D0-71-66,192.168.1.104,58-A0-23-DF-88-E7,8.8.8.8,73
2021-04-16 18:27:37,58-A0-23-DF-88-E7,14.116.137.22,60-EE-5C-D0-71-66,192.168.1.104,457
2021-04-16 18:27:37,58-A0-23-DF-88-E7,14.116.137.22,60-EE-5C-D0-71-66,192.168.1.104,97
2021-04-16 18:27:37,60-EE-5C-D0-71-66,192.168.1.104,58-A0-23-DF-88-E7,14.116.137.22,89
2021-04-16 18:27:37,58-A0-23-DF-88-E7,8.8.8.8,60-EE-5C-D0-71-66,192.168.1.104,121
2021-04-16 18:27:37,58-A0-23-DF-88-E7,14.116.137.22,60-EE-5C-D0-71-66,192.168.1.104,225
2021-04-16 18:27:37,60-EE-5C-D0-71-66,192.168.1.104,58-A0-23-DF-88-E7,14.116.137.22,137
2021-04-16 18:27:37,60-EE-5C-D0-71-66,192.168.1.104,58-A0-23-DF-88-E7,14.116.137.22,601
2021-04-16 18:27:37,58-A0-23-DF-88-E7,14.116.137.22,60-EE-5C-D0-71-66,192.168.1.104,105
2021-04-16 18:27:37,58-A0-23-DF-88-E7,14.116.137.22,60-EE-5C-D0-71-66,192.168.1.104,369
2021-04-16 18:27:37,60-EE-5C-D0-71-66,192.168.1.104,58-A0-23-DF-88-E7,14.116.137.22,97
2021-04-16 18:27:37,58-A0-23-DF-88-E7,14.116.137.22,60-EE-5C-D0-71-66,192.168.1.104,865
2021-04-16 18:27:37,60-EE-5C-D0-71-66,192.168.1.104,58-A0-23-DF-88-E7,14.116.137.22,473
2021-04-16 18:27:38,58-A0-23-DF-88-E7,14.116.137.22,60-EE-5C-D0-71-66,192.168.1.104,401
2021-04-16 18:27:38,60-EE-5C-D0-71-66,192.168.1.104,58-A0-23-DF-88-E7,14.116.137.22,97
2021-04-16 18:27:38,58-A0-23-DF-88-E7,14.116.137.22,60-EE-5C-D0-71-66,192.168.1.104,857
2021-04-16 18:27:38,60-EE-5C-D0-71-66,192.168.1.104,58-A0-23-DF-88-E7,14.116.137.22,193
2021-04-16 18:27:38,60-EE-5C-D0-71-66,192.168.1.104,58-A0-23-DF-88-E7,14.116.137.22,81
2021-04-16 18:27:38,58-A0-23-DF-88-E7,14.116.137.22,60-EE-5C-D0-71-66,192.168.1.104,401
2021-04-16 18:27:38,58-A0-23-DF-88-E7,14.116.137.22,60-EE-5C-D0-71-66,192.168.1.104,97
2021-04-16 18:27:38,60-EE-5C-D0-71-66,192.168.1.104,58-A0-23-DF-88-E7,14.116.137.22,89
2021-04-16 18:27:38,58-A0-23-DF-88-E7,14.116.137.22,60-EE-5C-D0-71-66,192.168.1.104,225
2021-04-16 18:27:38,60-EE-5C-D0-71-66,192.168.1.104,58-A0-23-DF-88-E7,8.8.8.8,71
2021-04-16 18:27:38,58-A0-23-DF-88-E7,8.8.8.8,60-EE-5C-D0-71-66,192.168.1.104,247
2021-04-16 18:27:38,58-A0-23-DF-88-E7,192.168.1.105,76-7F-26-66-63-5F,224.0.0.251,130
2021-04-16 18:27:39,58-A0-23-DF-88-E7,14.116.137.22,60-EE-5C-D0-71-66,192.168.1.104,129
2021-04-16 18:27:39,60-EE-5C-D0-71-66,192.168.1.104,58-A0-23-DF-88-E7,14.116.137.22,129
2021-04-16 18:27:39,58-A0-23-DF-88-E7,14.116.137.22,60-EE-5C-D0-71-66,192.168.1.104,145
2021-04-16 18:27:39,60-EE-5C-D0-71-66,192.168.1.104,58-A0-23-DF-88-E7,14.116.137.22,193
2021-04-16 18:27:39,60-EE-5C-D0-71-66,192.168.1.104,58-A0-23-DF-88-E7,14.116.137.22,81
2021-04-16 18:27:39,60-EE-5C-D0-71-66,192.168.1.104,58-A0-23-DF-88-E7,14.116.137.22,193
2021-04-16 18:27:39,60-EE-5C-D0-71-66,192.168.1.104,58-A0-23-DF-88-E7,14.116.137.22,81
2021-04-16 18:27:39,60-EE-5C-D0-71-66,192.168.1.104,58-A0-23-DF-88-E7,14.116.137.22,193
2021-04-16 18:27:39,60-EE-5C-D0-71-66,192.168.1.104,58-A0-23-DF-88-E7,14.116.137.22,81
2021-04-16 18:27:39,58-A0-23-DF-88-E7,14.116.137.22,60-EE-5C-D0-71-66,192.168.1.104,385
2021-04-16 18:27:39,58-A0-23-DF-88-E7,14.116.137.22,60-EE-5C-D0-71-66,192.168.1.104,97
2021-04-16 18:27:39,60-EE-5C-D0-71-66,192.168.1.104,58-A0-23-DF-88-E7,14.116.137.22,89
2021-04-16 18:27:39,58-A0-23-DF-88-E7,14.116.137.22,60-EE-5C-D0-71-66,192.168.1.104,97
2021-04-16 18:27:39,58-A0-23-DF-88-E7,14.116.137.22,60-EE-5C-D0-71-66,192.168.1.104,97
2021-04-16 18:27:39,58-A0-23-DF-88-E7,14.116.137.22,60-EE-5C-D0-71-66,192.168.1.104,417
2021-04-16 18:27:39,60-EE-5C-D0-71-66,192.168.1.104,58-A0-23-DF-88-E7,14.116.137.22,89
2021-04-16 18:27:39,60-EE-5C-D0-71-66,192.168.1.104,58-A0-23-DF-88-E7,14.116.137.22,89
2021-04-16 18:27:39,58-A0-23-DF-88-E7,14.116.137.22,60-EE-5C-D0-71-66,192.168.1.104,473
2021-04-16 18:27:39,58-A0-23-DF-88-E7,14.116.137.22,60-EE-5C-D0-71-66,192.168.1.104,225
2021-04-16 18:27:39,58-A0-23-DF-88-E7,14.116.137.22,60-EE-5C-D0-71-66,192.168.1.104,225
2021-04-16 18:27:39,58-A0-23-DF-88-E7,14.116.137.22,60-EE-5C-D0-71-66,192.168.1.104,225
2021-04-16 18:27:40,60-EE-5C-D0-71-66,192.168.1.104,58-A0-23-DF-88-E7,14.116.137.22,257
2021-04-16 18:27:40,58-A0-23-DF-88-E7,14.116.137.22,60-EE-5C-D0-71-66,192.168.1.104,409
2021-04-16 18:27:40,60-EE-5C-D0-71-66,192.168.1.104,58-A0-23-DF-88-E7,14.116.137.22,97
2021-04-16 18:27:42,58-A0-23-DF-88-E7,14.116.137.22,60-EE-5C-D0-71-66,192.168.1.104,129
1min（源ip与MAC地址）:
第1个,ip地址为14.116.137.22,MAC地址为60-EE-5C-D0-71-66,数据包总数为108354
第2个,ip地址为192.168.1.100,MAC地址为58-A0-23-A5-CD-96,数据包总数为407
第3个,ip地址为192.168.1.104,MAC地址为58-A0-23-DF-88-E7,数据包总数为38795
第4个,ip地址为8.8.8.8,MAC地址为60-EE-5C-D0-71-66,数据包总数为3104
第5个,ip地址为8.8.4.4,MAC地址为60-EE-5C-D0-71-66,数据包总数为1294
第6个,ip地址为192.168.1.108,MAC地址为48-89-E7-E9-4D-B4,数据包总数为1924
第7个,ip地址为192.168.1.105,MAC地址为76-7F-26-66-63-5F,数据包总数为390
1min（目的ip与MAC地址）:
第1个,ip地址为192.168.1.104,MAC地址为58:A0:23:DF:88:E7,数据包总数为112752
第2个,ip地址为192.168.1.255,MAC地址为FF:FF:FF:FF:FF:FF,数据包总数为2063
第3个,ip地址为14.116.137.22,MAC地址为60:EE:5C:D0:71:66,数据包总数为36096
第4个,ip地址为8.8.8.8,MAC地址为60:EE:5C:D0:71:66,数据包总数为1247
第5个,ip地址为8.8.4.4,MAC地址为60:EE:5C:D0:71:66,数据包总数为506
第6个,ip地址为239.255.255.250,MAC地址为01:00:5E:7F:FF:FA,数据包总数为860
第7个,ip地址为58.60.10.45,MAC地址为60:EE:5C:D0:71:66,数据包总数为86
第8个,ip地址为224.0.0.251,MAC地址为58:A0:23:DF:88:E7,数据包总数为530
第9个,ip地址为224.0.0.252,MAC地址为58:A0:23:DF:88:E7,数据包总数为128
2021-04-16 18:27:43,60-EE-5C-D0-71-66,192.168.1.104,58-A0-23-DF-88-E7,14.116.137.22,257
2021-04-16 18:27:43,58-A0-23-DF-88-E7,14.116.137.22,60-EE-5C-D0-71-66,192.168.1.104,793
2021-04-16 18:27:43,58-A0-23-DF-88-E7,192.168.1.107,4C-49-E3-18-33-95,224.0.0.251,228
2021-04-16 18:27:43,58-A0-23-DF-88-E7,14.116.137.22,60-EE-5C-D0-71-66,192.168.1.104,425
2021-04-16 18:27:43,60-EE-5C-D0-71-66,192.168.1.104,58-A0-23-DF-88-E7,14.116.137.22,97
2021-04-16 18:27:43,60-EE-5C-D0-71-66,192.168.1.104,58-A0-23-DF-88-E7,14.116.137.22,89
2021-04-16 18:27:43,58-A0-23-DF-88-E7,14.116.137.22,60-EE-5C-D0-71-66,192.168.1.104,873
2021-04-16 18:27:43,60-EE-5C-D0-71-66,192.168.1.104,58-A0-23-DF-88-E7,14.116.137.22,89
2021-04-16 18:27:43,58-A0-23-DF-88-E7,14.116.137.22,60-EE-5C-D0-71-66,192.168.1.104,97
2021-04-16 18:27:43,58-A0-23-DF-88-E7,192.168.1.107,4C-49-E3-18-33-95,224.0.0.251,228
2021-04-16 18:27:43,58-A0-23-DF-88-E7,14.116.137.22,60-EE-5C-D0-71-66,192.168.1.104,361
2021-04-16 18:27:43,60-EE-5C-D0-71-66,192.168.1.104,58-A0-23-DF-88-E7,14.116.137.22,97
2021-04-16 18:27:43,58-A0-23-DF-88-E7,192.168.1.107,4C-49-E3-18-33-95,224.0.0.251,316
2021-04-16 18:27:43,60-EE-5C-D0-71-66,192.168.1.104,58-A0-23-DF-88-E7,14.116.137.22,89
2021-04-16 18:27:44,58-A0-23-DF-88-E7,14.116.137.22,60-EE-5C-D0-71-66,192.168.1.104,689
2021-04-16 18:27:44,60-EE-5C-D0-71-66,192.168.1.104,58-A0-23-DF-88-E7,14.116.137.22,89
2021-04-16 18:27:44,58-A0-23-DF-88-E7,14.116.137.22,60-EE-5C-D0-71-66,192.168.1.104,97
2021-04-16 18:27:44,60-EE-5C-D0-71-66,192.168.1.104,58-A0-23-DF-88-E7,14.116.137.22,209
2021-04-16 18:27:44,58-A0-23-DF-88-E7,192.168.1.107,4C-49-E3-18-33-95,224.0.0.251,172
2021-04-16 18:27:44,58-A0-23-DF-88-E7,192.168.1.107,4C-49-E3-18-33-95,224.0.0.251,599
2021-04-16 18:27:44,58-A0-23-DF-88-E7,192.168.1.108,48-89-E7-E9-4D-B4,224.0.0.251,70
2021-04-16 18:27:44,58-A0-23-DF-88-E7,192.168.1.108,48-89-E7-E9-4D-B4,224.0.0.252,64
2021-04-16 18:27:44,58-A0-23-DF-88-E7,192.168.1.107,4C-49-E3-18-33-95,224.0.0.251,172
2021-04-16 18:27:44,FF-FF-FF-FF-FF-FF,192.168.1.108,48-89-E7-E9-4D-B4,192.168.1.255,92
2021-04-16 18:27:44,60-EE-5C-D0-71-66,192.168.1.104,58-A0-23-DF-88-E7,14.116.137.22,89
2021-04-16 18:27:44,58-A0-23-DF-88-E7,192.168.1.107,4C-49-E3-18-33-95,224.0.0.251,345
2021-04-16 18:27:44,58-A0-23-DF-88-E7,192.168.1.108,48-89-E7-E9-4D-B4,224.0.0.252,64
2021-04-16 18:27:45,58-A0-23-DF-88-E7,192.168.1.107,4C-49-E3-18-33-95,224.0.0.251,599
2021-04-16 18:27:45,FF-FF-FF-FF-FF-FF,192.168.1.108,48-89-E7-E9-4D-B4,192.168.1.255,92
2021-04-16 18:27:45,58-A0-23-DF-88-E7,14.116.137.22,60-EE-5C-D0-71-66,192.168.1.104,377
2021-04-16 18:27:45,60-EE-5C-D0-71-66,192.168.1.104,58-A0-23-DF-88-E7,14.116.137.22,97
2021-04-16 18:27:45,58-A0-23-DF-88-E7,192.168.1.108,48-89-E7-E9-4D-B4,224.0.0.251,70
2021-04-16 18:27:45,FF-FF-FF-FF-FF-FF,192.168.1.108,48-89-E7-E9-4D-B4,192.168.1.255,92
